HB,Month,TotalPatientsWaiting,TotalPatientsWaitingQF,NumberOfPatientsWaiting0To18Weeks,NumberOfPatientsWaiting0To18WeeksQF,NumberOfPatientsWaiting19To35Weeks,NumberOfPatientsWaiting19To35WeeksQF,NumberOfPatientsWaiting36To52Weeks,NumberOfPatientsWaiting36To52WeeksQF,NumberOfPatientsWaitingOver52Weeks,NumberOfPatientsWaitingOver52WeeksQF
S08000015,202503,134,,134,,0,,0,,0,
S08000016,202503,44,,44,,0,,0,,0,
S08000017,202503,213,,213,,0,,0,,0,
S08000019,202503,95,,95,,0,,0,,0,
S08000020,202503,613,,585,,24,,4,,0,
S08000022,202503,223,,142,,45,,26,,10,
S08000024,202503,1909,,1152,,400,,213,,144,
S08000025,202503,38,,38,,0,,0,,0,
S08000026,202503,38,,38,,0,,0,,0,
S08000028,202503,4,,4,,0,,0,,0,
S08000029,202503,92,,91,,1,,0,,0,
S08000030,202503,221,,209,,10,,0,,2,
S08000031,202503,584,,581,,3,,0,,0,
S08000032,202503,466,,432,,16,,10,,8,
S92000003,202503,4674,d,3758,d,499,d,253,d,164,d
S08000015,202502,144,,144,,0,,0,,0,
S08000016,202502,37,,37,,0,,0,,0,
S08000017,202502,161,,161,,0,,0,,0,
S08000019,202502,62,,61,,1,,0,,0,
S08000020,202502,613,,586,,21,,6,,0,
S08000022,202502,319,,217,,51,,36,,15,
S08000024,202502,1830,,1160,,328,,213,,129,
S08000025,202502,34,,34,,0,,0,,0,
S08000026,202502,39,,39,,0,,0,,0,
S08000028,202502,4,,4,,0,,0,,0,
S08000029,202502,71,,71,,0,,0,,0,
S08000030,202502,210,,197,,11,,1,,1,
S08000031,202502,556,,556,,0,,0,,0,
S08000032,202502,396,,360,,16,,13,,7,
S92000003,202502,4476,d,3627,d,428,d,269,d,152,d
S08000015,202501,88,,88,,0,,0,,0,
S08000016,202501,39,,39,,0,,0,,0,
S08000017,202501,128,,128,,0,,0,,0,
S08000019,202501,57,,56,,0,,1,,0,
S08000020,202501,535,,518,,12,,5,,0,
S08000022,202501,350,,213,,72,,42,,23,
S08000024,202501,1858,,1188,,350,,209,,111,
S08000025,202501,24,,24,,0,,0,,0,
S08000026,202501,32,,32,,0,,0,,0,
S08000028,202501,5,,5,,0,,0,,0,
S08000029,202501,65,,64,,1,,0,,0,
S08000030,202501,205,,189,,12,,3,,1,
S08000031,202501,561,,556,,5,,0,,0,
S08000032,202501,467,,429,,15,,16,,7,
S92000003,202501,4414,d,3529,d,467,d,276,d,142,d
S08000015,202501,92,,92,,0,,0,,0,
S08000016,202412,38,,35,,1,,2,,0,
S08000017,202412,124,,124,,0,,0,,0,
S08000019,202412,65,,63,,2,,0,,0,
S08000020,202412,495,,473,,17,,5,,0,
S08000022,202412,314,r,170,r,61,,49,,34,
S08000024,202412,1848,,1209,,325,,208,,106,
S08000025,202412,8,,8,,0,,0,,0,
S08000026,202412,29,,29,,0,,0,,0,
S08000028,202412,2,,2,,0,,0,,0,
S08000029,202412,75,,74,,1,,0,,0,
S08000030,202412,184,,177,,4,,2,,1,
S08000031,202412,636,,636,,0,,0,,0,
S08000032,202412,459,,425,,13,,17,,4,
S92000003,202412,4369,d r,3517,d r,424,d,283,d,145,d
S08000015,202411,97,,97,,0,,0,,0,
S08000016,202411,40,,38,,0,,2,,0,
S08000017,202411,144,,144,,0,,0,,0,
S08000019,202411,51,,48,,2,,1,,0,
S08000020,202411,498,,474,,22,,2,,0,
S08000022,202411,325,,155,,80,,54,,36,
S08000024,202411,1801,,1197,,325,,201,,78,
S08000025,202411,9,,9,,0,,0,,0,
S08000026,202411,24,,24,,0,,0,,0,
S08000028,202411,6,,6,,0,,0,,0,
S08000029,202411,71,,71,,0,,0,,0,
S08000030,202411,167,,160,,4,,2,,1,
S08000031,202411,620,,619,,0,,0,,1,
S08000032,202411,435,,386,,20,,18,,11,
S92000003,202411,4288,d,3428,d,453,d,280,d,127,d
S08000015,202410,75,,75,,0,,0,,0,
S08000016,202410,40,,40,,0,,0,,0,
S08000017,202410,116,,116,,0,,0,,0,
S08000019,202410,86,,85,,0,,0,,1,
S08000020,202410,476,,447,,27,,2,,0,
S08000022,202410,324,,122,,95,,69,,38,
S08000024,202410,1718,,1096,,354,,213,,55,
S08000025,202410,9,,9,,0,,0,,0,
S08000026,202410,22,,22,,0,,0,,0,
S08000028,202410,8,,8,,0,,0,,0,
S08000029,202410,54,,54,,0,,0,,0,
S08000030,202410,131,,130,,1,,0,,0,
S08000031,202410,580,,580,,0,,0,,0,
S08000032,202410,393,,339,,28,,15,,11,
S92000003,202410,4032,d,3123,d,505,d,299,d,105,d
S08000015,202409,80,,80,,0,,0,,0,
S08000016,202409,41,,40,,0,,1,,0,
S08000017,202409,119,,116,,3,,0,,0,
S08000019,202409,85,,83,,2,,0,,0,
S08000020,202409,480,,446,,34,,0,,0,
S08000022,202409,448,,193,,103,,79,,73,
S08000024,202409,1720,,1125,,368,,188,,39,
S08000025,202409,9,,9,,0,,0,,0,
S08000026,202409,21,,21,,0,,0,,0,
S08000028,202409,4,,4,,0,,0,,0,
S08000029,202409,87,,82,,5,,0,,0,
S08000030,202409,135,,131,,4,,0,,0,
S08000031,202409,541,,540,,1,,0,,0,
S08000032,202409,461,,400,,39,,19,,3,
S92000003,202409,4231,d,3270,d,559,d,287,d,115,d
S08000015,202408,52,,52,,0,,0,,0,
S08000016,202408,42,,39,,1,,2,,0,
S08000017,202408,118,,117,,1,,0,,0,
S08000019,202408,99,,98,,0,,0,,1,
S08000020,202408,415,,385,,28,,2,,0,
S08000022,202408,428,,156,,122,,74,,76,
S08000024,202408,1694,,1054,,386,,235,,19,
S08000025,202408,12,,12,,0,,0,,0,
S08000026,202408,23,,23,,0,,0,,0,
S08000028,202408,4,,4,,0,,0,,0,
S08000029,202408,124,,113,,11,,0,,0,
S08000030,202408,143,,138,,5,,0,,0,
S08000031,202408,462,,460,,2,,0,,0,
S08000032,202408,403,,344,,40,,19,,0,
S92000003,202408,4019,d,2995,d,596,d,332,d,96,d
S08000015,202407,50,,50,,0,,0,,0,
S08000016,202407,30,,27,,2,,1,,0,
S08000017,202407,136,,129,,6,,1,,0,
S08000019,202407,117,,115,,1,,1,,0,
S08000020,202407,431,,400,,30,,1,,0,
S08000022,202407,512,,211,,137,,85,,79,
S08000024,202407,1749,,1116,,399,,208,,26,
S08000025,202407,14,,14,,0,,0,,0,
S08000026,202407,18,,18,,0,,0,,0,
S08000028,202407,4,,4,,0,,0,,0,
S08000029,202407,149,,140,,9,,0,,0,
S08000030,202407,172,,169,,3,,0,,0,
S08000031,202407,438,,438,,0,,0,,0,
S08000032,202407,369,,306,,46,,17,,0,
S92000003,202407,4189,d,3137,d,633,d,314,d,105,d
S08000015,202406,79,,77,,1,,1,,0,
S08000016,202406,44,,39,,4,,1,,0,
S08000017,202406,193,,189,,4,,0,,0,
S08000019,202406,201,,200,,0,,0,,1,
S08000020,202406,479,,458,,21,,0,,0,
S08000022,202406,530,,231,,133,,82,,84,
S08000024,202406,1856,,1251,,393,,187,,25,
S08000025,202406,20,,20,,0,,0,,0,
S08000026,202406,17,,17,,0,,0,,0,
S08000028,202406,6,,6,,0,,0,,0,
S08000029,202406,170,,155,,15,,0,,0,
S08000030,202406,180,,174,,5,,0,,1,
S08000031,202406,587,,583,,4,,0,,0,
S08000032,202406,576,,475,,83,,18,,0,
S92000003,202406,4938,d,3875,d,663,d,289,d,111,d
S08000015,202405,60,,58,,2,,0,,0,
S08000016,202405,32,,28,,3,,1,,0,
S08000017,202405,246,,244,,2,,0,,0,
S08000019,202405,141,,141,,0,,0,,0,
S08000020,202405,458,,440,,16,,2,,0,
S08000022,202405,484,,223,,116,,71,,74,
S08000024,202405,1751,,1189,,374,,160,,28,
S08000025,202405,21,,21,,0,,0,,0,
S08000026,202405,20,,20,,0,,0,,0,
S08000028,202405,6,,6,,0,,0,,0,
S08000029,202405,172,,141,,31,,0,,0,
S08000030,202405,170,,166,,3,,0,,1,
S08000031,202405,591,,575,,14,,1,,1,
S08000032,202405,556,,473,,70,,10,,3,
S92000003,202405,4708,d,3725,d,631,d,245,d,107,d
S08000015,202404,74,,70,,4,,0,,0,
S08000016,202404,39,,33,,5,,1,,0,
S08000017,202404,258,,257,,0,,1,,0,
S08000019,202404,100,,98,,1,,0,,1,
S08000020,202404,477,,457,,19,,1,,0,
S08000022,202404,528,,223,,146,,75,,84,
S08000024,202404,1837,,1220,,413,,158,,46,
S08000025,202404,26,,25,,1,,0,,0,
S08000026,202404,11,,11,,0,,0,,0,
S08000028,202404,8,,8,,0,,0,,0,
S08000029,202404,220,,179,,41,,0,,0,
S08000030,202404,170,,168,,2,,0,,0,
S08000031,202404,696,,673,,23,,0,,0,
S08000032,202404,535,,425,,99,,7,,4,
S92000003,202404,4979,d,3847,d,754,d,243,d,135,d
S08000015,202403,95,,92,,3,,0,,0,
S08000016,202403,44,,36,,8,,0,,0,
S08000017,202403,276,,262,,13,,1,,0,
S08000019,202403,136,,134,,2,,0,,0,
S08000020,202403,630,,609,,20,,1,,0,
S08000022,202403,477,,185,,139,,67,,86,
S08000024,202403,1868,,1290,,375,,154,,49,
S08000025,202403,23,,23,,0,,0,,0,
S08000026,202403,16,,16,,0,,0,,0,
S08000028,202403,6,,6,,0,,0,,0,
S08000029,202403,219,,178,,41,,0,,0,
S08000030,202403,170,,168,,1,,1,,0,
S08000031,202403,858,,834,,24,,0,,0,
S08000032,202403,740,,523,,211,,4,,2,
S92000003,202403,5558,d,4356,d,837,d,228,d,137,d
S08000015,202402,77,,75,,1,,0,,1,
S08000016,202402,57,,39,,16,,2,,0,
S08000017,202402,274,,248,,23,,3,,0,
S08000019,202402,152,,149,,3,,0,,0,
S08000020,202402,512,,498,,13,,0,,1,
S08000022,202402,486,,208,,127,,69,,82,
S08000024,202402,1863,,1295,,390,,136,,42,
S08000025,202402,25,,25,,0,,0,,0,
S08000026,202402,17,,17,,0,,0,,0,
S08000028,202402,9,,9,,0,,0,,0,
S08000029,202402,238,,200,,38,,0,,0,
S08000030,202402,141,,137,,4,,0,,0,
S08000031,202402,758,,755,,3,,0,,0,
S08000032,202402,724,,567,,142,,6,,9,
S92000003,202402,5333,d,4222,d,760,d,216,d,135,d
S08000015,202401,101,,99,,1,,0,,1,
S08000016,202401,78,,52,,26,,0,,0,
S08000017,202401,242,,201,,41,,0,,0,
S08000019,202401,186,,180,,5,,1,,0,
S08000020,202401,358,,349,,9,,0,,0,
S08000022,202401,499,,223,,125,,72,,79,
S08000024,202401,2123,,1484,,431,,126,,82,
S08000025,202401,24,,24,,0,,0,,0,
S08000026,202401,13,,13,,0,,0,,0,
S08000028,202401,5,,5,,0,,0,,0,
S08000029,202401,219,,184,,34,,1,,0,
S08000030,202401,123,,118,,5,,0,,0,
S08000031,202401,706,,702,,4,,0,,0,
S08000032,202401,678,,547,,102,,19,,10,
S92000003,202401,5355,d,4181,d,783,d,219,d,172,d
S08000015,202312,154,,150,,3,,0,,1,
S08000016,202312,105,,64,,41,,0,,0,
S08000017,202312,283,,246,,37,,0,,0,
S08000019,202312,224,,198,,20,,5,,1,
S08000020,202312,357,,346,,9,,1,,1,
S08000022,202312,531,,253,,114,,67,,97,
S08000024,202312,2084,,1529,,354,,122,,79,
S08000025,202312,22,,22,,0,,0,,0,
S08000026,202312,17,,17,,0,,0,,0,
S08000028,202312,6,,6,,0,,0,,0,
S08000029,202312,249,,185,,64,,0,,0,
S08000030,202312,156,,151,,5,,0,,0,
S08000031,202312,678,,670,,8,,0,,0,
S08000032,202312,651,,560,,63,,17,,11,
S92000003,202312,5517,d,4397,d,718,d,212,d,190,d
S08000015,202311,205,,199,,5,,0,,1,
S08000016,202311,111,,71,,35,,4,,1,
S08000017,202311,247,,218,,29,,0,,0,
S08000019,202311,240,,202,,28,,5,,5,
S08000020,202311,241,,226,,9,,1,,5,
S08000022,202311,513,,252,,101,,57,,103,
S08000024,202311,1890,,1407,,347,,92,,44,
S08000025,202311,22,,22,,0,,0,,0,
S08000026,202311,15,,15,,0,,0,,0,
S08000028,202311,7,,7,,0,,0,,0,
S08000029,202311,238,,187,,49,,2,,0,
S08000030,202311,192,,180,,12,,0,,0,
S08000031,202311,704,,695,,9,,0,,0,
S08000032,202311,644,,567,,48,,18,,11,
S92000003,202311,5269,d,4248,d,672,d,179,d,170,d
S08000015,202310,290,,287,,2,,0,,1,
S08000016,202310,206,,123,,81,,2,,0,
S08000017,202310,173,,151,,22,,0,,0,
S08000019,202310,307,,235,,46,,19,,7,
S08000020,202310,300,,277,,11,,2,,10,
S08000022,202310,490,,224,,111,,55,,100,
S08000024,202310,1841,,1400,,333,,75,,33,
S08000025,202310,15,,15,,0,,0,,0,
S08000026,202310,14,,14,,0,,0,,0,
S08000028,202310,9,,9,,0,,0,,0,
S08000029,202310,271,,184,,87,,0,,0,
S08000030,202310,232,,211,,21,,0,,0,
S08000031,202310,645,,634,,11,,0,,0,
S08000032,202310,565,,473,,62,,23,,7,
S92000003,202310,5358,d,4237,d,787,d,176,d,158,d
S08000015,202309,425,,424,,1,,0,,0,
S08000016,202309,200,,131,,68,,1,,0,
S08000017,202309,150,,146,,4,,0,,0,
S08000019,202309,327,,233,,68,,23,,3,
S08000020,202309,303,,290,,11,,2,,0,
S08000022,202309,474,,219,,102,,44,,109,
S08000024,202309,1663,,1299,,282,,63,,19,
S08000025,202309,21,,21,,0,,0,,0,
S08000026,202309,9,,9,,0,,0,,0,
S08000028,202309,8,,8,,0,,0,,0,
S08000029,202309,288,,197,,91,,0,,0,
S08000030,202309,257,,213,,43,,1,,0,
S08000031,202309,663,,646,,17,,0,,0,
S08000032,202309,556,,435,,71,,34,,16,
S92000003,202309,5344,d,4271,d,758,d,168,d,147,d
S08000015,202308,613,,608,,4,,1,,0,
S08000016,202308,193,,137,,54,,2,,0,
S08000017,202308,200,,189,,11,,0,,0,
S08000019,202308,325,,214,,66,,35,,10,
S08000020,202308,271,,257,,10,,4,,0,
S08000022,202308,471,,210,,100,,47,,114,
S08000024,202308,1512,,1211,,222,,65,,14,
S08000025,202308,11,,11,,0,,0,,0,
S08000026,202308,12,,12,,0,,0,,0,
S08000028,202308,7,,7,,0,,0,,0,
S08000029,202308,269,,181,,88,,0,,0,
S08000030,202308,263,,212,,48,,2,,1,
S08000031,202308,804,,779,,24,,1,,0,
S08000032,202308,551,,389,,93,,48,,21,
S92000003,202308,5502,d,4417,d,720,d,205,d,160,d
S08000015,202307,740,,730,,5,,1,,4,
S08000016,202307,190,,127,,60,,3,,0,
S08000017,202307,223,,207,,16,,0,,0,
S08000019,202307,359,,217,,84,,40,,18,
S08000020,202307,377,,351,,19,,7,,0,
S08000022,202307,433,,184,,86,,46,,117,
S08000024,202307,1543,,1243,,223,,61,,16,
S08000025,202307,9,,9,,0,,0,,0,
S08000026,202307,15,,15,,0,,0,,0,
S08000028,202307,2,,2,,0,,0,,0,
S08000029,202307,283,,201,,82,,0,,0,
S08000030,202307,285,,223,,60,,2,,0,
S08000031,202307,938,,900,,38,,0,,0,
S08000032,202307,654,,372,,189,,60,,33,
S92000003,202307,6051,d,4781,d,862,d,220,d,188,d
S08000015,202306,843,,830,,6,,2,,5,
S08000016,202306,208,,132,,76,,0,,0,
S08000017,202306,218,,205,,13,,0,,0,
S08000019,202306,410,,229,,112,,39,,30,
S08000020,202306,386,,339,,33,,13,,1,
S08000022,202306,408,,175,,78,,36,,119,
S08000024,202306,1658,,1388,,196,,54,,20,
S08000025,202306,17,,13,,2,,0,,2,
S08000026,202306,19,,19,,0,,0,,0,
S08000028,202306,3,,3,,0,,0,,0,
S08000029,202306,294,,224,,70,,0,,0,
S08000030,202306,287,,248,,37,,2,,0,
S08000031,202306,1083,,1034,,49,,0,,0,
S08000032,202306,833,,438,,269,,79,,47,
S92000003,202306,6667,d,5277,d,941,d,225,d,224,d
S08000015,202305,792,,776,,12,,2,,2,
S08000016,202305,198,,107,,91,,0,,0,
S08000017,202305,444,,378,,66,,0,,0,
S08000019,202305,469,,252,,134,,55,,28,
S08000020,202305,348,,301,,41,,5,,1,
S08000022,202305,433,,194,,75,,38,,126,
S08000024,202305,1457,,1228,,165,,43,,21,
S08000025,202305,27,,25,,1,,0,,1,
S08000026,202305,28,,28,,0,,0,,0,
S08000028,202305,6,,6,,0,,0,,0,
S08000029,202305,316,,268,,48,,0,,0,
S08000030,202305,321,,279,,41,,0,,1,
S08000031,202305,1227,,1156,,70,,1,,0,
S08000032,202305,950,,460,,274,,129,,87,
S92000003,202305,7016,d,5458,d,1018,d,273,d,267,d
S08000015,202304,754,,737,,13,,2,,2,
S08000016,202304,197,,96,,100,,1,,0,
S08000017,202304,372,,363,,9,,0,,0,
S08000019,202304,513,,228,,145,,91,,49,
S08000020,202304,323,,296,,26,,1,,0,
S08000022,202304,506,,219,,89,,48,,150,
S08000024,202304,1441,,1154,,211,,44,,32,
S08000025,202304,33,,30,,3,,0,,0,
S08000026,202304,28,,28,,0,,0,,0,
S08000028,202304,4,,4,,0,,0,,0,
S08000029,202304,292,,249,,43,,0,,0,
S08000030,202304,370,,298,,69,,3,,0,
S08000031,202304,1367,,1251,,114,,2,,0,
S08000032,202304,1133,,467,,336,,206,,124,
S92000003,202304,7333,d,5420,d,1158,d,398,d,357,d
S08000015,202303,767,,746,,8,,6,,7,
S08000016,202303,204,,123,,80,,1,,0,
S08000017,202303,334,,334,,0,,0,,0,
S08000019,202303,544,,263,,112,,109,,60,
S08000020,202303,335,,321,,11,,2,,1,
S08000022,202303,528,,236,,83,,50,,159,
S08000024,202303,1465,,1192,,189,,53,,31,
S08000025,202303,51,,38,,7,,4,,2,
S08000026,202303,24,,24,,0,,0,,0,
S08000028,202303,6,,6,,0,,0,,0,
S08000029,202303,280,,233,,47,,0,,0,
S08000030,202303,385,,332,,49,,4,,0,
S08000031,202303,1480,,1368,,107,,5,,0,
S08000032,202303,1298,,497,,323,,271,,207,
S92000003,202303,7701,d,5713,d,1016,d,505,d,467,d
S08000015,202302,716,,696,,9,,3,,8,
S08000016,202302,327,,200,,121,,6,,0,
S08000017,202302,217,,217,,0,,0,,0,
S08000019,202302,523,,253,,94,,131,,45,
S08000020,202302,452,,438,,12,,2,,0,
S08000022,202302,510,,220,,74,,53,,163,
S08000024,202302,1415,,1123,,181,,81,,30,
S08000025,202302,54,,40,,8,,2,,4,
S08000026,202302,28,,28,,0,,0,,0,
S08000028,202302,6,,6,,0,,0,,0,
S08000029,202302,235,,208,,27,,0,,0,
S08000030,202302,365,,337,,25,,3,,0,
S08000031,202302,1382,,1284,,92,,6,,0,
S08000032,202302,1464,,574,,278,,348,,264,
S92000003,202302,7694,d,5624,d,921,d,635,d,514,d
S08000015,202301,669,,653,,6,,2,,8,
S08000016,202301,323,,197,,117,,9,,0,
S08000017,202301,126,,125,,1,,0,,0,
S08000019,202301,512,,234,,103,,131,,44,
S08000020,202301,313,,305,,6,,2,,0,
S08000022,202301,515,,211,,89,,56,,159,
S08000024,202301,1493,,1131,,176,,103,,83,
S08000025,202301,44,,29,,9,,3,,3,
S08000026,202301,30,,30,,0,,0,,0,
S08000028,202301,5,,5,,0,,0,,0,
S08000029,202301,230,,217,,13,,0,,0,
S08000030,202301,397,,347,,45,,3,,2,
S08000031,202301,1254,,1148,,98,,8,,0,
S08000032,202301,1551,,552,,294,,366,,339,
S92000003,202301,7462,d,5184,d,957,d,683,d,638,d
S08000015,202212,674,,658,,7,,2,,7,
S08000016,202212,340,,205,,128,,7,,0,
S08000017,202212,149,,149,,0,,0,,0,
S08000019,202212,539,,245,,132,,98,,64,
S08000020,202212,354,,348,,5,,1,,0,
S08000022,202212,564,,240,,82,,59,,183,
S08000024,202212,1485,,1122,,166,,114,,83,
S08000025,202212,43,,27,,9,,3,,4,
S08000026,202212,38,,36,,2,,0,,0,
S08000028,202212,4,,4,,0,,0,,0,
S08000029,202212,203,,188,,15,,0,,0,
S08000030,202212,408,,375,,29,,2,,2,
S08000031,202212,1221,,1104,,100,,17,,0,
S08000032,202212,1584,,515,,304,,379,,386,
S92000003,202212,7606,d,5216,d,979,d,682,d,729,d
S08000015,202211,657,,637,,10,,2,,8,
S08000016,202211,327,,188,,133,,6,,0,
S08000017,202211,135,,135,,0,,0,,0,
S08000019,202211,503,,216,,141,,78,,68,
S08000020,202211,338,,327,,8,,3,,0,
S08000022,202211,592,,211,,93,,67,,221,
S08000024,202211,1498,,1077,,195,,130,,96,
S08000025,202211,41,,29,,6,,3,,3,
S08000026,202211,37,,37,,0,,0,,0,
S08000028,202211,6,,6,,0,,0,,0,
S08000029,202211,188,,157,,30,,1,,0,
S08000030,202211,382,,354,,24,,2,,2,
S08000031,202211,1272,,1140,,98,,34,,0,
S08000032,202211,1708,,506,,327,,378,,497,
S92000003,202211,7684,d,5020,d,1065,d,704,d,895,d
S08000015,202210,670,,579,,80,,4,,7,
S08000016,202210,330,,172,,147,,8,,3,
S08000017,202210,114,,114,,0,,0,,0,
S08000019,202210,513,,184,,194,,53,,82,
S08000020,202210,341,,325,,15,,1,,0,
S08000022,202210,644,,203,,89,,78,,274,
S08000024,202210,1536,,981,,270,,159,,126,
S08000025,202210,50,,40,,5,,2,,3,
S08000026,202210,26,,26,,0,,0,,0,
S08000028,202210,11,,11,,0,,0,,0,
S08000029,202210,213,,141,,71,,1,,0,
S08000030,202210,368,,321,,41,,4,,2,
S08000031,202210,1265,,1088,,124,,51,,2,
S08000032,202210,1849,,432,,407,,362,,648,
S92000003,202210,7930,d,4617,d,1443,d,723,d,1147,d
S08000015,202209,652,,585,,59,,1,,7,
S08000016,202209,330,,177,,126,,22,,5,
S08000017,202209,110,,110,,0,,0,,0,
S08000019,202209,587,,244,,189,,47,,107,
S08000020,202209,371,,353,,17,,1,,0,
S08000022,202209,650,,209,,91,,87,,263,
S08000024,202209,1559,,991,,261,,184,,123,
S08000025,202209,45,,36,,4,,1,,4,
S08000026,202209,25,,25,,0,,0,,0,
S08000028,202209,8,,8,,0,,0,,0,
S08000029,202209,209,,136,,70,,3,,0,
S08000030,202209,383,,347,,32,,4,,0,
S08000031,202209,1431,,1189,,179,,63,,0,
S08000032,202209,2025,,482,,425,,375,,743,
S92000003,202209,8385,d,4892,d,1453,d,788,d,1252,d
S08000015,202208,554,,537,,9,,1,,7,
S08000016,202208,317,,153,,111,,46,,7,
S08000017,202208,65,,65,,0,,0,,0,
S08000019,202208,621,,246,,155,,62,,158,
S08000020,202208,338,,316,,22,,0,,0,
S08000022,202208,636,,201,,93,,80,,262,
S08000024,202208,1608,,967,,297,,204,,140,
S08000025,202208,43,,32,,6,,2,,3,
S08000026,202208,26,,26,,0,,0,,0,
S08000028,202208,5,,5,,0,,0,,0,
S08000029,202208,213,,141,,67,,5,,0,
S08000030,202208,344,,323,,15,,5,,1,
S08000031,202208,1452,,1130,,254,,68,,0,
S08000032,202208,2066,,451,,427,,405,,783,
S92000003,202208,8288,d,4593,d,1456,d,878,d,1361,d
S08000015,202207,521,,507,,6,,2,,6,
S08000016,202207,379,,176,,127,,54,,22,
S08000017,202207,67,,67,,0,,0,,0,
S08000019,202207,730,,267,,160,,44,,259,
S08000020,202207,378,,352,,25,,1,,0,
S08000022,202207,728,,233,,112,,90,,293,
S08000024,202207,1822,,1117,,381,,177,,147,
S08000025,202207,42,,28,,10,,2,,2,
S08000026,202207,35,,35,,0,,0,,0,
S08000028,202207,7,,7,,0,,0,,0,
S08000029,202207,211,,136,,63,,9,,3,
S08000030,202207,360,,333,,18,,6,,3,
S08000031,202207,1675,,1191,,399,,83,,2,
S08000032,202207,2153,,524,,458,,403,,768,
S92000003,202207,9108,d,4973,d,1759,d,871,d,1505,d
S08000015,202206,555,,540,,8,,5,,2,
S08000016,202206,378,,192,,102,,63,,21,
S08000017,202206,106,,106,,0,,0,,0,
S08000019,202206,766,,294,,131,,47,,294,
S08000020,202206,419,b,392,b,26,b,1,b,0,b
S08000022,202206,714,,207,,137,,86,,284,
S08000024,202206,2003,,1273,,372,,165,,193,
S08000025,202206,43,,32,,7,,2,,2,
S08000026,202206,35,,35,,0,,0,,0,
S08000028,202206,8,,8,,0,,0,,0,
S08000029,202206,228,,136,,63,,25,,4,
S08000030,202206,380,,345,,29,,4,,2,
S08000031,202206,1967,,1388,,471,,105,,3,
S08000032,202206,2125,,633,,427,,342,,723,
S92000003,202206,9727,d,5581,d,1773,d,845,d,1528,d
S08000015,202205,418,,408,,4,,5,,1,
S08000016,202205,365,,166,,107,,70,,22,
S08000017,202205,110,,106,,2,,2,,0,
S08000019,202205,706,,239,,101,,54,,312,
S08000020,202205,459,,442,,17,,0,,0,
S08000022,202205,824,,237,,155,,95,,337,
S08000024,202205,2046,,1290,,399,,146,,211,
S08000025,202205,41,,35,,4,,2,,0,
S08000026,202205,32,,32,,0,,0,,0,
S08000028,202205,11,,11,,0,,0,,0,
S08000029,202205,261,,135,,72,,45,,9,
S08000030,202205,366,,335,,28,,2,,1,
S08000031,202205,2070,,1439,,528,,103,,0,
S08000032,202205,2025,,640,,431,,317,,637,
S92000003,202205,9734,d,5515,d,1848,d,841,d,1530,d
S08000015,202204,420,,409,,6,,4,,1,
S08000016,202204,356,,144,,115,,82,,15,
S08000017,202204,135,,133,,0,,2,,0,
S08000019,202204,684,,205,,93,,125,,261,
S08000020,202204,476,,460,,16,,0,,0,
S08000022,202204,779,,221,,139,,107,,312,
S08000024,202204,2142,,1310,,469,,140,,223,
S08000025,202204,38,,32,,4,,2,,0,
S08000026,202204,32,,32,,0,,0,,0,
S08000028,202204,14,,14,,0,,0,,0,
S08000029,202204,262,b,117,b,80,b,56,b,9,b
S08000030,202204,341,,300,,38,,3,,0,
S08000031,202204,2351,,1447,,786,,117,,1,
S08000032,202204,1928,,617,,448,,333,,530,
S92000003,202204,9958,d,5441,d,2194,d,971,d,1352,d
S08000015,202203,409,,399,,4,,5,,1,
S08000016,202203,345,,159,,96,,73,,17,
S08000017,202203,160,,158,,0,,2,,0,
S08000019,202203,646,,197,,62,,155,,232,
S08000020,202203,502,,487,,14,,1,,0,
S08000022,202203,726,,216,,122,,105,,283,
S08000024,202203,2217,,1405,,427,,138,,247,
S08000025,202203,37,,32,,3,,2,,0,
S08000026,202203,33,,33,,0,,0,,0,
S08000028,202203,18,,18,,0,,0,,0,
S08000029,202203,495,,283,,125,,68,,19,
S08000030,202203,328,,293,,32,,3,,0,
S08000031,202203,2610,,1604,,834,,171,,1,
S08000032,202203,1917,,617,,434,,344,,522,
S92000003,202203,10443,d,5901,d,2153,d,1067,d,1322,d
S08000015,202202,403,,391,,8,,2,,2,
S08000016,202202,336,,142,,84,,87,,23,
S08000017,202202,143,,140,,2,,1,,0,
S08000019,202202,641,,178,,49,,179,,235,
S08000020,202202,562,,542,,18,,1,,1,
S08000022,202202,745,,250,,113,,113,,269,
S08000024,202202,2191,,1385,,354,,187,,265,
S08000025,202202,27,,22,,3,,2,,0,
S08000026,202202,35,,35,,0,,0,,0,
S08000028,202202,14,,14,,0,,0,,0,
S08000029,202202,486,,300,,95,,57,,34,
S08000030,202202,285,,254,,25,,4,,2,
S08000031,202202,2750,,1720,,700,,327,,3,
S08000032,202202,2034,,588,,417,,475,,554,
S92000003,202202,10652,d,5961,d,1868,d,1435,d,1388,d
S08000015,202201,431,,419,,10,,1,,1,
S08000016,202201,332,,144,,91,,73,,24,
S08000017,202201,125,,121,,3,,0,,1,
S08000019,202201,652,,139,,63,,188,,262,
S08000020,202201,648,,630,,14,,4,,0,
S08000022,202201,694,,215,,107,,113,,259,
S08000024,202201,2263,,1329,,314,,191,,429,
S08000025,202201,20,,14,,5,,1,,0,
S08000026,202201,35,,35,,0,,0,,0,
S08000028,202201,9,,9,,0,,0,,0,
S08000029,202201,443,,280,,89,,41,,33,
S08000030,202201,253,,237,,16,,0,,0,
S08000031,202201,2731,,1621,,761,,339,,10,
S08000032,202201,1963,,597,,421,,448,,497,
S92000003,202201,10599,d,5790,d,1894,d,1399,d,1516,d
S08000015,202112,425,,417,,7,,0,,1,
S08000016,202112,333,,147,,104,,62,,20,
S08000017,202112,138,,129,,8,,0,,1,
S08000019,202112,616,,107,,133,,131,,245,
S08000020,202112,591,,582,,8,,1,,0,
S08000022,202112,714,,221,,127,,117,,249,
S08000024,202112,2280,b,1264,b,304,b,165,b,547,b
S08000025,202112,,:,,:,,:,,:,,:
S08000026,202112,23,,23,,0,,0,,0,
S08000028,202112,3,,3,,0,,0,,0,
S08000029,202112,482,,317,,99,,32,,34,
S08000030,202112,266,,247,,15,,1,,3,
S08000031,202112,2691,,1582,,796,,298,,15,
S08000032,202112,1887,,601,,471,,360,,455,
S92000003,202112,10449,d,5640,d,2072,d,1167,d,1570,d
S08000015,202111,326,,320,,5,,0,,1,
S08000016,202111,289,,121,,107,,54,,7,
S08000017,202111,158,,121,,36,,1,,0,
S08000019,202111,605,,97,,177,,129,,202,
S08000020,202111,492,,487,,5,,0,,0,
S08000022,202111,685,,217,,127,,121,,220,
S08000024,202111,4174,,1403,,804,,602,,1365,
S08000025,202111,,:,,:,,:,,:,,:
S08000026,202111,25,,25,,0,,0,,0,
S08000028,202111,9,,9,,0,,0,,0,
S08000029,202111,440,,286,,83,,44,,27,
S08000030,202111,269,,248,,15,,5,,1,
S08000031,202111,2767,,1551,,841,,359,,16,
S08000032,202111,1861,,637,,479,,340,,405,
S92000003,202111,12100,d,5522,d,2679,d,1655,d,2244,d
S08000015,202110,303,,293,,8,,0,,2,
S08000016,202110,291,,139,,99,,40,,13,
S08000017,202110,215,,164,,49,,2,,0,
S08000019,202110,588,,83,,192,,126,,187,
S08000020,202110,524,,513,,11,,0,,0,
S08000022,202110,720,,224,,156,,140,,200,
S08000024,202110,4088,,1320,,840,,601,,1327,
S08000025,202110,,:,,:,,:,,:,,:
S08000026,202110,25,,25,,0,,0,,0,
S08000028,202110,10,,10,,0,,0,,0,
S08000029,202110,403,,237,,96,,42,,28,
S08000030,202110,254,,237,,11,,5,,1,
S08000031,202110,2806,,1324,,1026,,446,,10,
S08000032,202110,1809,,610,,540,,312,,347,
S92000003,202110,12036,d,5179,d,3028,d,1714,d,2115,d
S08000015,202109,267,,264,,1,,0,,2,
S08000016,202109,249,,131,,83,,27,,8,
S08000017,202109,227,,193,,33,,1,,0,
S08000019,202109,617,u,92,u,205,u,141,u,179,u
S08000020,202109,475,,459,,16,,0,,0,
S08000022,202109,702,,211,,160,,150,,181,
S08000024,202109,4026,,1401,,796,,549,,1280,
S08000025,202109,,:,,:,,:,,:,,:
S08000026,202109,23,,23,,0,,0,,0,
S08000028,202109,6,,6,,0,,0,,0,
S08000029,202109,399,,253,,71,,54,,21,
S08000030,202109,246,,226,,11,,5,,4,
S08000031,202109,2883,,1337,,991,,554,,1,
S08000032,202109,1665,,575,,489,,299,,302,
S92000003,202109,11785,d,5171,d,2856,d,1780,d,1978,d
S08000015,202108,284,,282,,0,,0,,2,
S08000016,202108,234,,145,,58,,21,,10,
S08000017,202108,218,,191,,24,,3,,0,
S08000019,202108,616,u,166,u,149,u,163,u,138,u
S08000020,202108,453,,444,,9,,0,,0,
S08000022,202108,660,,208,,138,,164,,150,
S08000024,202108,3815,,1344,,721,,564,,1186,
S08000025,202108,,:,,:,,:,,:,,:
S08000026,202108,18,,18,,0,,0,,0,
S08000028,202108,5,,5,,0,,0,,0,
S08000029,202108,382,,249,,61,,60,,12,
S08000030,202108,245,,223,,15,,6,,1,
S08000031,202108,2794,,1365,,885,,544,,0,
S08000032,202108,1574,,620,,393,,311,,250,
S92000003,202108,11298,d,5260,d,2453,d,1836,d,1749,d
S08000015,202107,317,,314,,1,,1,,1,
S08000016,202107,236,,147,,60,,22,,7,
S08000017,202107,238,,199,,39,,0,,0,
S08000019,202107,638,u,224,u,149,u,128,u,137,u
S08000020,202107,537,,528,,7,,2,,0,
S08000022,202107,696,,213,,157,,139,,187,
S08000024,202107,3747,,1508,,647,,493,,1099,
S08000025,202107,,:,,:,,:,,:,,:
S08000026,202107,16,,16,,0,,0,,0,
S08000028,202107,1,,1,,0,,0,,0,
S08000029,202107,355,,221,,74,,55,,5,
S08000030,202107,266,,227,,36,,3,,0,
S08000031,202107,2756,,1390,,911,,451,,4,
S08000032,202107,1501,,619,,381,,302,,199,
S92000003,202107,11304,d,5607,d,2462,d,1596,d,1639,d
S08000015,202106,343,,340,,2,,0,,1,
S08000016,202106,239,,150,,57,,24,,8,
S08000017,202106,251,,233,,18,,0,,0,
S08000019,202106,695,u,272,u,162,u,129,u,132,u
S08000020,202106,603,,595,,7,,1,,0,
S08000022,202106,759,,239,,172,,114,,234,
S08000024,202106,3812,,1651,,635,,424,,1102,
S08000025,202106,,:,,:,,:,,:,,:
S08000026,202106,14,,14,,0,,0,,0,
S08000028,202106,5,,5,,0,,0,,0,
S08000029,202106,352,,221,,80,,43,,8,
S08000030,202106,286,,252,,31,,1,,2,
S08000031,202106,2838,,1593,,934,,296,,15,
S08000032,202106,1517,,727,,371,,235,,184,
S92000003,202106,11714,d,6292,d,2469,d,1267,d,1686,d
S08000015,202105,302,,297,,4,,0,,1,
S08000016,202105,226,,126,,58,,31,,11,
S08000017,202105,237,,222,,15,,0,,0,
S08000019,202105,1034,u,383,u,294,u,137,u,220,u
S08000020,202105,627,,611,,16,,0,,0,
S08000022,202105,744,,242,,183,,82,,237,
S08000024,202105,3584,,1484,,619,,392,,1089,
S08000025,202105,,:,,:,,:,,:,,:
S08000026,202105,14,,14,,0,,0,,0,
S08000028,202105,11,,11,,0,,0,,0,
S08000029,202105,317,,177,,99,,38,,3,
S08000030,202105,290,,256,,30,,2,,2,
S08000031,202105,2723,,1485,,904,,318,,16,
S08000032,202105,1409,,669,,356,,205,,179,
S92000003,202105,11518,d,5977,d,2578,d,1205,d,1758,d
S08000015,202104,269,,261,,3,,1,,4,
S08000016,202104,209,,96,,70,,31,,12,
S08000017,202104,235,,206,,29,,0,,0,
S08000019,202104,963,u,351,u,293,u,102,u,217,u
S08000020,202104,565,,532,,32,,1,,0,
S08000022,202104,692,,206,,189,,58,,239,
S08000024,202104,3450,,1264,,678,,408,,1100,
S08000025,202104,,:,,:,,:,,:,,:
S08000026,202104,13,,13,,0,,0,,0,
S08000028,202104,10,,10,,0,,0,,0,
S08000029,202104,347,,189,,110,,23,,25,
S08000030,202104,249,,207,,40,,1,,1,
S08000031,202104,2602,,1314,,1009,,253,,26,
S08000032,202104,1293,,534,,392,,151,,216,
S92000003,202104,10897,d,5183,d,2845,d,1029,d,1840,d
S08000015,202103,267,,262,,2,,0,,3,
S08000016,202103,220,,105,,74,,28,,13,
S08000017,202103,218,,211,,7,,0,,0,
S08000019,202103,935,u,363,u,251,u,107,u,214,u
S08000020,202103,554,,530,,23,,1,,0,
S08000022,202103,724,,235,,173,,49,,267,
S08000024,202103,3439,,1278,,652,,380,,1129,
S08000025,202103,27,,18,,5,,1,,3,
S08000026,202103,19,,16,,3,,0,,0,
S08000028,202103,10,,10,,0,,0,,0,
S08000029,202103,353,,179,,97,,16,,61,
S08000030,202103,284,,252,,30,,1,,1,
S08000031,202103,2620,,1423,,901,,222,,74,
S08000032,202103,1336,,581,,372,,133,,250,
S92000003,202103,11006,d,5463,d,2590,d,938,d,2015,d
S08000015,202102,232,,225,,3,,0,,4,
S08000016,202102,225,,96,,69,,44,,16,
S08000017,202102,222,,221,,1,,0,,0,
S08000019,202102,958,u,355,u,231,u,168,u,204,u
S08000020,202102,509,,492,,17,,0,,0,
S08000022,202102,684,,238,,142,,59,,245,
S08000024,202102,3327,,1197,,607,,440,,1083,
S08000025,202102,27,,20,,4,,0,,3,
S08000026,202102,32,,14,,18,,0,,0,
S08000028,202102,5,,5,,0,,0,,0,
S08000029,202102,388,,193,,84,,23,,88,
S08000030,202102,288,,265,,22,,0,,1,
S08000031,202102,2553,,1435,,741,,300,,77,
S08000032,202102,1299,,540,,338,,169,,252,
S92000003,202102,10749,d,5296,d,2277,d,1203,d,1973,d
S08000015,202101,230,,219,,8,,0,,3,
S08000016,202101,236,,94,,71,,59,,12,
S08000017,202101,221,,220,,1,,0,,0,
S08000019,202101,967,u,370,u,181,u,225,u,191,u
S08000020,202101,501,,487,,14,,0,,0,
S08000022,202101,692,,281,,101,,80,,230,
S08000024,202101,3192,,1175,,544,,543,,930,
S08000025,202101,27,,20,,2,,2,,3,
S08000026,202101,33,,13,,20,,0,,0,
S08000028,202101,6,,6,,0,,0,,0,
S08000029,202101,398,,223,,68,,41,,66,
S08000030,202101,325,,306,,16,,1,,2,
S08000031,202101,2628,,1473,,740,,367,,48,
S08000032,202101,1256,,553,,304,,218,,181,
S92000003,202101,10712,d,5440,d,2070,d,1536,d,1666,d
S08000015,202012,249,,237,,4,,4,,4,
S08000016,202012,245,,108,,59,,71,,7,
S08000017,202012,240,,240,,0,,0,,0,
S08000019,202012,1031,u,409,u,141,u,295,u,186,u
S08000020,202012,578,,567,,10,,0,,1,
S08000022,202012,689,,303,,72,,100,,214,
S08000024,202012,3258,,1306,,484,,625,,843,
S08000025,202012,30,,22,,3,,3,,2,
S08000026,202012,38,,23,,15,,0,,0,
S08000028,202012,3,,3,,0,,0,,0,
S08000029,202012,421,,266,,44,,57,,54,
S08000030,202012,330,,316,,10,,2,,2,
S08000031,202012,2880,,1559,,583,,626,,112,
S08000032,202012,1204,,587,,219,,261,,137,
S92000003,202012,11196,d,5946,d,1644,d,2044,d,1562,d
S08000015,202011,243,,233,,2,,3,,5,
S08000016,202011,241,,109,,53,,78,,1,
S08000017,202011,247,,247,,0,,0,,0,
S08000019,202011,1035,u,379,u,150,u,373,u,133,u
S08000020,202011,518,,501,,13,,3,,1,
S08000022,202011,654,,276,,58,,113,,207,
S08000024,202011,3146,,1256,,449,,676,,765,
S08000025,202011,28,,20,,2,,6,,0,
S08000026,202011,39,,32,,7,,0,,0,
S08000028,202011,5,,5,,0,,0,,0,
S08000029,202011,380,,234,,32,,75,,39,
S08000030,202011,282,,273,,5,,3,,1,
S08000031,202011,2856,,1672,,492,,635,,57,
S08000032,202011,1110,,564,,156,,300,,90,
S92000003,202011,10784,d,5801,d,1419,d,2265,d,1299,d
S08000015,202010,228,,213,,6,,4,,5,
S08000016,202010,224,,102,,63,,59,,0,
S08000017,202010,179,,177,,2,,0,,0,
S08000019,202010,992,u,341,u,204,u,372,u,75,u
S08000020,202010,446,,435,,8,,3,,0,
S08000022,202010,595,,213,,63,,123,,196,
S08000024,202010,3037,,1138,,519,,701,,679,
S08000025,202010,22,,15,,2,,5,,0,
S08000026,202010,51,,49,,2,,0,,0,
S08000028,202010,5,,5,,0,,0,,0,
S08000029,202010,340,,188,,42,,80,,30,
S08000030,202010,238,,228,,3,,4,,3,
S08000031,202010,2831,,1477,,640,,636,,78,
S08000032,202010,985,,454,,198,,268,,65,
S92000003,202010,10173,d,5035,d,1752,d,2255,d,1131,d
S08000015,202009,176,,155,,13,,3,,5,
S08000016,202009,215,,101,,86,,28,,0,
S08000017,202009,156,,156,,0,,0,,0,
S08000019,202009,976,u,288,u,304,u,332,u,52,u
S08000020,202009,394,,379,,6,,7,,2,
S08000022,202009,575,,190,,86,,119,,180,
S08000024,202009,2769,,963,,623,,602,,581,
S08000025,202009,18,,11,,4,,3,,0,
S08000026,202009,40,,39,,1,,0,,0,
S08000028,202009,15,,15,,0,,0,,0,
S08000029,202009,316,,170,,71,,60,,15,
S08000030,202009,235,,215,,12,,6,,2,
S08000031,202009,2887,,1417,,931,,473,,66,
S08000032,202009,916,,406,,285,,169,,56,
S92000003,202009,9688,d,4505,d,2422,d,1802,d,959,d
S08000015,202008,140,,115,,18,,3,,4,
S08000016,202008,192,,84,,97,,11,,0,
S08000017,202008,100,,99,,1,,0,,0,
S08000019,202008,984,u,212,u,373,u,349,u,50,u
S08000020,202008,280,,257,,16,,7,,0,
S08000022,202008,561,,157,,121,,120,,163,
S08000024,202008,2624,,838,,708,,539,,539,
S08000025,202008,23,,13,,6,,4,,0,
S08000026,202008,39,,39,,0,,0,,0,
S08000028,202008,3,,3,,0,,0,,0,
S08000029,202008,316,,138,,98,,71,,9,
S08000030,202008,268,,212,,42,,14,,0,
S08000031,202008,2813,,1138,,1156,,458,,61,
S08000032,202008,831,,329,,337,,128,,37,
S92000003,202008,9174,d,3634,d,2973,d,1704,d,863,d
S08000015,202007,96,,65,,21,,5,,5,
S08000016,202007,166,,69,,96,,1,,0,
S08000017,202007,60,,60,,0,,0,,0,
S08000019,202007,992,u,204,u,472,u,284,u,32,u
S08000020,202007,277,,230,,43,,3,,1,
S08000022,202007,502,,117,,136,,106,,143,
S08000024,202007,2526,,754,,791,,482,,499,
S08000025,202007,23,,12,,8,,3,,0,
S08000026,202007,30,,26,,4,,0,,0,
S08000028,202007,3,,3,,0,,0,,0,
S08000029,202007,308,,113,,126,,61,,8,
S08000030,202007,268,,161,,95,,10,,2,
S08000031,202007,2960,,875,,1471,,515,,99,
S08000032,202007,780,,237,,407,,104,,32,
S92000003,202007,8991,d,2926,d,3670,d,1574,d,821,d
S08000015,202006,93,,65,,20,,3,,5,
S08000016,202006,161,,91,,69,,1,,0,
S08000017,202006,30,,29,,1,,0,,0,
S08000019,202006,1003,u,293,u,472,u,233,u,5,u
S08000020,202006,298,,246,,47,,2,,3,
S08000022,202006,506,,135,,141,,87,,143,
S08000024,202006,2482,,869,,750,,391,,472,
S08000025,202006,25,,14,,9,,2,,0,
S08000026,202006,14,,9,,5,,0,,0,
S08000028,202006,4,,4,,0,,0,,0,
S08000029,202006,330,,133,,114,,63,,20,
S08000030,202006,337,,195,,132,,10,,0,
S08000031,202006,3206,,1073,,1507,,507,,119,
S08000032,202006,856,,330,,408,,98,,20,
S92000003,202006,9345,d,3486,d,3675,d,1397,d,787,d
S08000015,202005,74,,56,,11,,2,,5,
S08000016,202005,163,,109,,54,,0,,0,
S08000017,202005,32,,30,,1,,0,,1,
S08000019,202005,993,u,387,u,420,u,184,u,2,u
S08000020,202005,223,,173,,39,,7,,4,
S08000022,202005,482,,157,,132,,81,,112,
S08000024,202005,2541,,979,,727,,387,,448,
S08000025,202005,25,,15,,8,,2,,0,
S08000026,202005,24,,10,,13,,1,,0,
S08000028,202005,3,,3,,0,,0,,0,
S08000029,202005,398,,196,,109,,58,,35,
S08000030,202005,404,,246,,141,,17,,0,
S08000031,202005,3423,,1373,,1399,,510,,141,
S08000032,202005,946,,479,,330,,125,,12,
S92000003,202005,9731,d,4213,d,3384,d,1374,d,760,d
S08000015,202004,112,,99,,8,,3,,2,
S08000016,202004,161,,119,,42,,0,,0,
S08000017,202004,74,,73,,1,,0,,0,
S08000019,202004,969,u,447,u,416,u,106,u,0,u
S08000020,202004,462,,273,,120,,46,,23,
S08000022,202004,528,,201,,148,,91,,88,
S08000024,202004,2511,,1042,,678,,364,,427,
S08000025,202004,23,,14,,9,,0,,0,
S08000026,202004,28,,14,,14,,0,,0,
S08000028,202004,2,,2,,0,,0,,0,
S08000029,202004,462,,227,,146,,47,,42,
S08000030,202004,431,,262,,160,,9,,0,
S08000031,202004,3724,,1593,,1609,,325,,197,
S08000032,202004,1089,,606,,373,,104,,6,
S92000003,202004,10576,d,4972,d,3724,d,1095,d,785,d
S08000015,202003,150,,137,,7,,3,,3,
S08000016,202003,158,,141,,17,,0,,0,
S08000017,202003,157,,150,,7,,0,,0,
S08000019,202003,931,u,544,u,325,u,62,u,0,u
S08000020,202003,719,,544,,107,,42,,26,
S08000022,202003,544,,243,,135,,95,,71,
S08000024,202003,2577,,1223,,592,,381,,381,
S08000025,202003,28,,20,,7,,1,,0,
S08000026,202003,38,,25,,13,,0,,0,
S08000028,202003,5,,5,,0,,0,,0,
S08000029,202003,524,,302,,150,,30,,42,
S08000030,202003,497,,355,,123,,18,,1,
S08000031,202003,3946,,2107,,1376,,293,,170,
S08000032,202003,1184,,826,,279,,77,,2,
S92000003,202003,11458,d,6622,d,3138,d,1002,d,696,d
S08000015,202002,142,,132,,4,,4,,2,
S08000016,202002,156,,146,,10,,0,,0,
S08000017,202002,156,,152,,4,,0,,0,
S08000019,202002,873,u,585,u,274,u,13,u,1,u
S08000020,202002,782,,630,,91,,36,,25,
S08000022,202002,529,,266,,111,,98,,54,
S08000024,202002,2608,,1290,,533,,401,,384,
S08000025,202002,31,,24,,5,,1,,1,
S08000026,202002,41,,35,,6,,0,,0,
S08000028,202002,11,,11,,0,,0,,0,
S08000029,202002,522,,302,,143,,40,,37,
S08000030,202002,478,,364,,91,,23,,0,
S08000031,202002,3956,,2266,,1208,,374,,108,
S08000032,202002,1167,,860,,252,,53,,2,
S92000003,202002,11452,d,7063,d,2732,d,1043,d,614,d
S08000015,202001,205,,189,,5,,8,,3,
S08000016,202001,138,,133,,5,,0,,0,
S08000017,202001,157,,157,,0,,0,,0,
S08000019,202001,841,u,582,u,249,u,10,u,0,u
S08000020,202001,793,b,657,b,85,b,32,b,19,b
S08000022,202001,482,,249,,106,,91,,36,
S08000024,202001,2578,,1278,,499,,398,,403,
S08000025,202001,30,,24,,4,,1,,1,
S08000026,202001,36,,30,,6,,0,,0,
S08000028,202001,12,,12,,0,,0,,0,
S08000029,202001,502,,307,,126,,37,,32,
S08000030,202001,358,,258,,91,,8,,1,
S08000031,202001,3840,,2203,,1174,,394,,69,
S08000032,202001,1064,,791,,238,,35,,0,
S92000003,202001,11036,d,6870,d,2588,d,1014,d,564,d
S08000015,201912,227,,213,,6,,6,,2,
S08000016,201912,133,,129,,4,,0,,0,
S08000017,201912,161,,160,,0,,1,,0,
S08000019,201912,796,u,563,u,227,u,5,u,1,u
S08000020,201912,724,,617,,72,,26,,9,
S08000022,201912,494,,271,,114,,75,,34,
S08000024,201912,2601,,1269,,492,,385,,455,
S08000025,201912,20,,14,,1,,5,,0,
S08000026,201912,30,,30,,0,,0,,0,
S08000028,201912,13,,13,,0,,0,,0,
S08000029,201912,510,,324,,100,,55,,31,
S08000030,201912,390,,280,,95,,12,,3,
S08000031,201912,3749,,2339,,1007,,350,,53,
S08000032,201912,972,,754,,186,,31,,1,
S92000003,201912,10820,d,6976,d,2304,d,951,d,589,d
S08000015,201911,223,,206,,10,,7,,0,
S08000016,201911,126,,120,,6,,0,,0,
S08000017,201911,157,,157,,0,,0,,0,
S08000019,201911,760,u,539,u,214,u,7,u,0,u
S08000020,201911,766,,673,,62,,29,,2,
S08000022,201911,469,,246,,119,,77,,27,
S08000024,201911,2538,,1178,,512,,397,,451,
S08000025,201911,26,,16,,3,,7,,0,
S08000026,201911,23,,23,,0,,0,,0,
S08000028,201911,16,,16,,0,,0,,0,
S08000029,201911,546,b,373,b,79,b,66,b,28,b
S08000030,201911,365,,257,,88,,16,,4,
S08000031,201911,3547,,2322,,888,,308,,29,
S08000032,201911,913,,699,,186,,28,,0,
S92000003,201911,10475,d,6825,d,2167,d,942,d,541,d
S08000015,201910,260,,231,,26,,3,,0,
S08000016,201910,134,,130,,4,,0,,0,
S08000017,201910,116,,116,,0,,0,,0,
S08000019,201910,680,u,489,u,188,u,3,u,0,u
S08000020,201910,655,,568,,59,,27,,1,
S08000022,201910,489,,245,,142,,75,,27,
S08000024,201910,2522,,1108,,540,,428,,446,
S08000025,201910,29,,19,,3,,6,,1,
S08000026,201910,16,,16,,0,,0,,0,
S08000028,201910,12,,12,,0,,0,,0,
S08000029,201910,696,,357,,155,,112,,72,
S08000030,201910,422,,249,,145,,26,,2,
S08000031,201910,3221,,2063,,898,,239,,21,
S08000032,201910,831,,607,,197,,26,,1,
S92000003,201910,10083,d,6210,d,2357,d,945,d,571,d
S08000015,201909,235,u,198,u,35,u,2,u,0,u
S08000016,201909,107,u,107,u,0,u,0,u,0,u
S08000017,201909,123,u,122,u,1,u,0,u,0,u
S08000019,201909,635,u,475,u,158,u,2,u,0,u
S08000020,201909,772,u,617,u,101,u,20,u,34,u
S08000022,201909,461,u,239,u,136,u,64,u,22,u
S08000024,201909,2500,u,1060,u,554,u,449,u,437,u
S08000025,201909,27,u,14,u,4,u,9,u,0,u
S08000026,201909,27,u,27,u,0,u,0,u,0,u
S08000028,201909,14,u,14,u,0,u,0,u,0,u
S08000029,201909,744,u,376,u,186,u,87,u,95,u
S08000030,201909,511,u,295,u,177,u,38,u,1,u
S08000031,201909,2980,u,2031,u,777,u,163,u,9,u
S08000032,201909,898,u,642,u,226,u,29,u,1,u
S92000003,201909,10034,d u,6217,d u,2355,d u,863,d u,599,d u
S08000015,201908,297,u,243,u,49,u,3,u,2,u
S08000016,201908,98,u,96,u,2,u,0,u,0,u
S08000017,201908,190,u,189,u,0,u,1,u,0,u
S08000019,201908,595,u,476,u,117,u,2,u,0,u
S08000020,201908,871,u,607,u,166,u,31,u,67,u
S08000022,201908,429,u,235,u,119,u,54,u,21,u
S08000024,201908,2558,u,1100,u,555,u,465,u,438,u
S08000025,201908,26,u,14,u,8,u,4,u,0,u
S08000026,201908,17,u,17,u,0,u,0,u,0,u
S08000028,201908,12,u,12,u,0,u,0,u,0,u
S08000029,201908,760,u,348,u,204,u,85,u,123,u
S08000030,201908,522,u,254,u,189,u,79,u,0,u
S08000031,201908,2703,u,1906,u,669,u,122,u,6,u
S08000032,201908,848,u,579,u,205,u,62,u,2,u
S92000003,201908,9926,d u,6076,d u,2283,d u,908,d u,659,d u
S08000015,201907,336,u,263,u,71,u,1,u,1,u
S08000016,201907,113,u,110,u,3,u,0,u,0,u
S08000017,201907,205,u,205,u,0,u,0,u,0,u
S08000019,201907,606,u,506,u,100,u,0,u,0,u
S08000020,201907,850,u,694,u,141,u,13,u,2,u
S08000022,201907,425,u,234,u,127,u,41,u,23,u
S08000024,201907,2589,u,1195,u,547,u,432,u,415,u
S08000025,201907,30,u,15,u,12,u,3,u,0,u
S08000026,201907,24,u,24,u,0,u,0,u,0,u
S08000028,201907,6,u,6,u,0,u,0,u,0,u
S08000029,201907,755,u,318,u,242,u,73,u,122,u
S08000030,201907,573,u,268,u,209,u,96,u,0,u
S08000031,201907,2654,u,1932,u,632,u,88,u,2,u
S08000032,201907,893,u,609,u,214,u,70,u,0,u
S92000003,201907,10059,d u,6379,d u,2298,d u,817,d u,565,d u
S08000015,201906,406,u,345,u,59,u,2,u,0,u
S08000016,201906,140,u,138,u,2,u,0,u,0,u
S08000017,201906,109,u,108,u,1,u,0,u,0,u
S08000019,201906,681,u,600,u,81,u,0,u,0,u
S08000020,201906,868,u,714,u,147,u,5,u,2,u
S08000022,201906,445,u,255,u,128,u,35,u,27,u
S08000024,201906,2510,u,1188,u,544,u,366,u,412,u
S08000025,201906,28,u,16,u,10,u,2,u,0,u
S08000026,201906,34,u,34,u,0,u,0,u,0,u
S08000028,201906,9,u,9,u,0,u,0,u,0,u
S08000029,201906,800,u,371,u,231,u,59,u,139,u
S08000030,201906,602,u,289,u,216,u,97,u,0,u
S08000031,201906,2758,u,2129,u,541,u,87,u,1,u
S08000032,201906,1055,u,754,u,228,u,73,u,0,u
S92000003,201906,10445,d u,6950,d u,2188,d u,726,d u,581,d u
S08000015,201905,401,u,369,u,28,u,3,u,1,u
S08000016,201905,143,u,140,u,3,u,0,u,0,u
S08000017,201905,107,u,107,u,0,u,0,u,0,u
S08000019,201905,645,u,606,u,39,u,0,u,0,u
S08000020,201905,842,u,712,u,116,u,11,u,3,u
S08000022,201905,440,u,275,u,109,u,25,u,31,u
S08000024,201905,2455,u,1173,u,534,u,375,u,373,u
S08000025,201905,39,u,23,u,16,u,0,u,0,u
S08000026,201905,34,u,34,u,0,u,0,u,0,u
S08000028,201905,18,u,18,u,0,u,0,u,0,u
S08000029,201905,793,u,415,u,183,u,72,u,123,u
S08000030,201905,598,u,283,u,214,u,101,u,0,u
S08000031,201905,2651,u,2157,u,432,u,62,u,0,u
S08000032,201905,1097,u,798,u,228,u,71,u,0,u
S92000003,201905,10263,d u,7110,d u,1902,d u,720,d u,531,d u
S08000015,201904,398,u,362,u,31,u,5,u,0,u
S08000016,201904,147,u,131,u,16,u,0,u,0,u
S08000017,201904,114,u,114,u,0,u,0,u,0,u
S08000019,201904,593,u,547,u,43,u,2,u,1,u
S08000020,201904,826,u,685,u,133,u,7,u,1,u
S08000022,201904,436,u,262,u,116,u,30,u,28,u
S08000024,201904,2423,u,1112,u,590,u,389,u,332,u
S08000025,201904,32,u,23,u,9,u,0,u,0,u
S08000026,201904,42,u,42,u,0,u,0,u,0,u
S08000028,201904,9,u,9,u,0,u,0,u,0,u
S08000029,201904,806,u,424,u,187,u,87,u,108,u
S08000030,201904,566,u b,258,u b,242,u b,66,u b,0,u b
S08000031,201904,2484,u,2048,u,411,u,25,u,0,u
S08000032,201904,1098,u,794,u,259,u,45,u,0,u
S92000003,201904,9974,d u,6811,d u,2037,d u,656,d u,470,d u
S08000015,201903,527,u,445,u,60,u,20,u,2,u
S08000016,201903,193,u,162,u,31,u,0,u,0,u
S08000017,201903,82,u,82,u,0,u,0,u,0,u
S08000019,201903,612,u,582,u,27,u,2,u,1,u
S08000020,201903,886,u,769,u,111,u,4,u,2,u
S08000021,201903,2309,u,1985,u,303,u,21,u,0,u
S08000022,201903,473,u,302,u,108,u,31,u,32,u
S08000023,201903,1164,u,876,u,242,u,46,u,0,u
S08000024,201903,2369,u,1167,u,526,u,394,u,282,u
S08000025,201903,25,u,20,u,5,u,0,u,0,u
S08000026,201903,41,u,41,u,0,u,0,u,0,u
S08000028,201903,16,u,16,u,0,u,0,u,0,u
S08000029,201903,897,u,527,u,169,u,98,u,103,u
S08000030,201903,1015,u,515,u,379,u,121,u,0,u
S92000003,201903,10609,d u,7489,d u,1961,d u,737,d u,422,d u
S08000015,201902,483,u,407,u,61,u,14,u,1,u
S08000016,201902,192,u,153,u,39,u,0,u,0,u
S08000017,201902,72,u,72,u,0,u,0,u,0,u
S08000019,201902,544,u,528,u,9,u,3,u,4,u
S08000020,201902,906,u,783,u,113,u,8,u,2,u
S08000021,201902,2061,u,1807,u,240,u,14,u,0,u
S08000022,201902,396,u,241,u,95,u,28,u,32,u
S08000023,201902,1054,u,807,u,206,u,41,u,0,u
S08000024,201902,2320,u,1180,u,486,u,412,u,242,u
S08000025,201902,31,u,25,u,6,u,0,u,0,u
S08000026,201902,34,u,34,u,0,u,0,u,0,u
S08000028,201902,13,u,13,u,0,u,0,u,0,u
S08000029,201902,850,u,521,u,136,u,109,u,84,u
S08000030,201902,935,u,525,u,337,u,73,u,0,u
S92000003,201902,9891,d u,7096,d u,1728,d u,702,d u,365,d u
S08000015,201901,470,u,411,u,50,u,8,u,1,u
S08000016,201901,197,u,147,u,49,u,1,u,0,u
S08000017,201901,178,u,178,u,0,u,0,u,0,u
S08000019,201901,536,u,517,u,10,u,6,u,3,u
S08000020,201901,926,u,794,u,128,u,3,u,1,u
S08000021,201901,1908,u,1659,u,246,u,3,u,0,u
S08000022,201901,393,u,248,u,91,u,25,u,29,u
S08000023,201901,973,u,765,u,183,u,25,u,0,u
S08000024,201901,2345,u,1278,u,504,u,358,u,205,u
S08000025,201901,33,u,31,u,2,u,0,u,0,u
S08000026,201901,27,u,27,u,0,u,0,u,0,u
S08000028,201901,10,u,10,u,0,u,0,u,0,u
S08000029,201901,790,u,491,u,132,u,89,u,78,u
S08000030,201901,875,u,493,u,378,u,3,u,1,u
S92000003,201901,9661,d u,7049,d u,1773,d u,521,d u,318,d u
S08000015,201812,457,u,421,u,32,u,4,u,0,u
S08000016,201812,198,u,155,u,43,u,0,u,0,u
S08000017,201812,102,u,102,u,0,u,0,u,0,u
S08000019,201812,482,u,471,u,10,u,1,u,0,u
S08000020,201812,905,u,768,u,133,u,4,u,0,u
S08000021,201812,1848,u,1682,u,165,u,1,u,0,u
S08000022,201812,391,u,275,u,68,u,16,u,32,u
S08000023,201812,976,u,817,u,143,u,16,u,0,u
S08000024,201812,2260,u,1262,u,499,u,318,u,181,u
S08000025,201812,24,u,22,u,2,u,0,u,0,u
S08000026,201812,21,u,21,u,0,u,0,u,0,u
S08000028,201812,4,u,4,u,0,u,0,u,0,u
S08000029,201812,827,u,498,u,152,u,88,u,89,u
S08000030,201812,842,u,497,u,340,u,5,u,0,u
S92000003,201812,9337,d u,6995,d u,1587,d u,453,d u,302,d u
S08000015,201811,443,u,398,u,42,u,2,u,1,u
S08000016,201811,200,u,156,u,44,u,0,u,0,u
S08000017,201811,101,u,101,u,0,u,0,u,0,u
S08000019,201811,414,u,396,u,17,u,1,u,0,u
S08000020,201811,804,u,667,u,128,u,9,u,0,u
S08000021,201811,1811,u,1625,u,182,u,4,u,0,u
S08000022,201811,368,u,257,u,58,u,22,u,31,u
S08000023,201811,930,u,791,u,130,u,9,u,0,u
S08000024,201811,2147,u,1161,u,517,u,303,u,166,u
S08000025,201811,17,u,17,u,0,u,0,u,0,u
S08000026,201811,21,u,21,u,0,u,0,u,0,u
S08000028,201811,5,u,4,u,1,u,0,u,0,u
S08000029,201811,784,u,470,u,136,u,90,u,88,u
S08000030,201811,782,u,496,u,285,u,1,u,0,u
S92000003,201811,8827,d u,6560,d u,1540,d u,441,d u,286,d u
S08000015,201810,366,u,336,u,25,u,2,u,3,u
S08000016,201810,185,u,137,u,48,u,0,u,0,u
S08000017,201810,116,u,116,u,0,u,0,u,0,u
S08000019,201810,375,u,350,u,24,u,1,u,0,u
S08000020,201810,809,u,622,u,160,u,27,u,0,u
S08000021,201810,1750,u,1528,u,215,u,7,u,0,u
S08000022,201810,353,u,239,u,66,u,18,u,30,u
S08000023,201810,857,u,687,u,163,u,7,u,0,u
S08000024,201810,1993,u,1047,u,513,u,287,u,146,u
S08000025,201810,18,u,18,u,0,u,0,u,0,u
S08000026,201810,23,u,23,u,0,u,0,u,0,u
S08000028,201810,7,u,7,u,0,u,0,u,0,u
S08000029,201810,705,u,390,u,166,u,77,u,72,u
S08000030,201810,739,u,446,u,292,u,1,u,0,u
S92000003,201810,8296,d u,5946,d u,1672,d u,427,d u,251,d u
S08000015,201809,333,u,315,u,13,u,2,u,3,u
S08000016,201809,187,u,141,u,46,u,0,u,0,u
S08000017,201809,127,u,127,u,0,u,0,u,0,u
S08000019,201809,372,u,351,u,20,u,1,u,0,u
S08000020,201809,753,u,542,u,187,u,23,u,1,u
S08000021,201809,1533,u,1359,u,170,u,4,u,0,u
S08000022,201809,343,u,242,u,57,u,19,u,25,u
S08000023,201809,797,u,642,u,145,u,10,u,0,u
S08000024,201809,1909,u,1028,u,464,u,285,u,132,u
S08000025,201809,16,u,16,u,0,u,0,u,0,u
S08000026,201809,27,u,27,u,0,u,0,u,0,u
S08000028,201809,16,u,15,u,1,u,0,u,0,u
S08000029,201809,715,u,455,u,116,u,84,u,60,u
S08000030,201809,732,u,498,u,232,u,2,u,0,u
S92000003,201809,7860,d u,5758,d u,1451,d u,430,d u,221,d u
S08000015,201808,273,u,255,u,14,u,2,u,2,u
S08000016,201808,182,u,128,u,53,u,1,u,0,u
S08000017,201808,110,u,109,u,1,u,0,u,0,u
S08000019,201808,402,u,388,u,14,u,0,u,0,u
S08000020,201808,880,u,650,u,209,u,21,u,0,u
S08000021,201808,1435,u,1288,u,143,u,4,u,0,u
S08000022,201808,247,u,183,u,31,u,14,u,19,u
S08000023,201808,766,u,605,u,144,u,17,u,0,u
S08000024,201808,1877,u,1046,u,435,u,291,u,105,u
S08000025,201808,4,u,4,u,0,u,0,u,0,u
S08000026,201808,23,u,23,u,0,u,0,u,0,u
S08000028,201808,11,u,10,u,1,u,0,u,0,u
S08000029,201808,753,u,493,u,121,u,99,u,40,u
S08000030,201808,690,u,504,u,183,u,2,u,1,u
S92000003,201808,7653,d u,5686,d u,1349,d u,451,d u,167,d u
S08000015,201807,306,u,293,u,9,u,3,u,1,u
S08000016,201807,192,u,138,u,54,u,0,u,0,u
S08000017,201807,114,u,112,u,2,u,0,u,0,u
S08000019,201807,531,u,457,u,74,u,0,u,0,u
S08000020,201807,863,u,716,u,135,u,12,u,0,u
S08000021,201807,1448,u,1304,u,141,u,3,u,0,u
S08000022,201807,268,u,195,u,35,u,21,u,17,u
S08000023,201807,787,u,603,u,169,u,15,u,0,u
S08000024,201807,1937,u,1097,u,457,u,277,u,106,u
S08000025,201807,5,u,5,u,0,u,0,u,0,u
S08000026,201807,22,u,22,u,0,u,0,u,0,u
S08000028,201807,5,u,5,u,0,u,0,u,0,u
S08000029,201807,724,u,452,u,128,u,110,u,34,u
S08000030,201807,706,u,498,u,206,u,1,u,1,u
S92000003,201807,7908,d u,5897,d u,1410,d u,442,d u,159,d u
S08000015,201806,322,u,307,u,11,u,3,u,1,u
S08000016,201806,215,u,154,u,60,u,1,u,0,u
S08000017,201806,134,u,129,u,4,u,0,u,1,u
S08000019,201806,590,u,510,u,79,u,1,u,0,u
S08000020,201806,891,u,748,u,136,u,7,u,0,u
S08000021,201806,1587,u,1435,u,152,u,0,u,0,u
S08000022,201806,249,u,181,u,29,u,23,u,16,u
S08000023,201806,898,u,737,u,153,u,8,u,0,u
S08000024,201806,1932,u,1178,u,410,u,240,u,104,u
S08000025,201806,9,u,9,u,0,u,0,u,0,u
S08000026,201806,34,u,34,u,0,u,0,u,0,u
S08000028,201806,12,u,12,u,0,u,0,u,0,u
S08000029,201806,911,u,553,u,192,u,132,u,34,u
S08000030,201806,726,u,550,u,176,u,0,u,0,u
S92000003,201806,8510,d u,6537,d u,1402,d u,415,d u,156,d u
S08000015,201805,321,u,305,u,11,u,5,u,0,u
S08000016,201805,208,u,138,u,70,u,0,u,0,u
S08000017,201805,168,u,165,u,2,u,0,u,1,u
S08000019,201805,552,u,470,u,82,u,0,u,0,u
S08000020,201805,837,u,719,u,109,u,9,u,0,u
S08000021,201805,1518,u,1408,u,106,u,4,u,0,u
S08000022,201805,293,u,216,u,42,u,27,u,8,u
S08000023,201805,870,u,723,u,143,u,4,u,0,u
S08000024,201805,1823,u,1093,u,434,u,207,u,89,u
S08000025,201805,18,u,16,u,0,u,2,u,0,u
S08000026,201805,36,u,36,u,0,u,0,u,0,u
S08000028,201805,12,u,12,u,0,u,0,u,0,u
S08000029,201805,885,u,532,u,212,u,111,u,30,u
S08000030,201805,699,u,530,u,168,u,1,u,0,u
S92000003,201805,8240,d u,6363,d u,1379,d u,370,d u,128,d u
S08000015,201804,367,u,343,u,20,u,4,u,0,u
S08000016,201804,222,u,154,u,67,u,1,u,0,u
S08000017,201804,177,u,170,u,5,u,1,u,1,u
S08000019,201804,548,u,447,u,100,u,1,u,0,u
S08000020,201804,911,u,758,u,142,u,11,u,0,u
S08000021,201804,1500,u,1375,u,123,u,2,u,0,u
S08000022,201804,305,u,205,u,69,u,22,u,9,u
S08000023,201804,857,u,669,u,188,u,0,u,0,u
S08000024,201804,1800,u,1036,u,471,u,209,u,84,u
S08000025,201804,26,u,19,u,4,u,3,u,0,u
S08000026,201804,41,u,40,u,1,u,0,u,0,u
S08000028,201804,7,u,7,u,0,u,0,u,0,u
S08000029,201804,880,u,522,u,242,u,83,u,33,u
S08000030,201804,636,u,472,u,163,u,1,u,0,u
S92000003,201804,8277,d u,6217,d u,1595,d u,338,d u,127,d u
S08000015,201803,353,u,335,u,16,u,2,u,0,u
S08000016,201803,225,u,170,u,55,u,0,u,0,u
S08000017,201803,182,u,175,u,5,u,2,u,0,u
S08000019,201803,577,u,500,u,76,u,1,u,0,u
S08000020,201803,921,u,777,u,137,u,7,u,0,u
S08000021,201803,1460,u,1344,u,116,u,0,u,0,u
S08000022,201803,314,u,219,u,64,u,21,u,10,u
S08000023,201803,894,u,679,u,215,u,0,u,0,u
S08000024,201803,1764,u,1044,u,450,u,187,u,83,u
S08000025,201803,25,u,19,u,2,u,4,u,0,u
S08000026,201803,41,u,40,u,1,u,0,u,0,u
S08000028,201803,9,u,9,u,0,u,0,u,0,u
S08000029,201803,872,u,538,u,238,u,66,u,30,u
S08000030,201803,733,u,543,u,188,u,2,u,0,u
S92000003,201803,8370,d u,6392,d u,1563,d u,292,d u,123,d u
S08000015,201802,372,u,362,u,8,u,1,u,1,u
S08000016,201802,198,u,163,u,35,u,0,u,0,u
S08000017,201802,193,u,184,u,7,u,2,u,0,u
S08000019,201802,559,u,497,u,62,u,0,u,0,u
S08000020,201802,890,u,757,u,130,u,3,u,0,u
S08000021,201802,1400,u,1323,u,77,u,0,u,0,u
S08000022,201802,310,u,224,u,55,u,18,u,13,u
S08000023,201802,806,u,682,u,123,u,1,u,0,u
S08000024,201802,1674,u,1050,u,391,u,167,u,66,u
S08000025,201802,28,u,21,u,7,u,0,u,0,u
S08000026,201802,37,u,37,u,0,u,0,u,0,u
S08000028,201802,15,u,15,u,0,u,0,u,0,u
S08000029,201802,799,u,510,u,200,u,62,u,27,u
S08000030,201802,684,u,515,u,169,u,0,u,0,u
S92000003,201802,7965,d u,6340,d u,1264,d u,254,d u,107,d u
S08000015,201801,355,u,343,u,9,u,3,u,0,u
S08000016,201801,207,u,182,u,25,u,0,u,0,u
S08000017,201801,214,u,204,u,9,u,1,u,0,u
S08000018,201801,795,u,508,u,214,u,48,u,25,u
S08000019,201801,546,u,464,u,81,u,1,u,0,u
S08000020,201801,869,u,732,u,133,u,4,u,0,u
S08000021,201801,1241,u,1182,u,59,u,0,u,0,u
S08000022,201801,330,u,245,u,61,u,12,u,12,u
S08000023,201801,777,u,680,u,97,u,0,u,0,u
S08000024,201801,1629,u,1045,u,366,u,160,u,58,u
S08000025,201801,32,u,23,u,9,u,0,u,0,u
S08000026,201801,33,u,33,u,0,u,0,u,0,u
S08000027,201801,643,u,474,u,169,u,0,u,0,u
S08000028,201801,13,u,13,u,0,u,0,u,0,u
S92000003,201801,7684,d u,6128,d u,1232,d u,229,d u,95,d u
S08000015,201712,313,u,305,u,5,u,3,u,0,u
S08000016,201712,194,u,169,u,25,u,0,u,0,u
S08000017,201712,197,u,196,u,0,u,1,u,0,u
S08000018,201712,797,u,540,u,180,u,52,u,25,u
S08000019,201712,526,u,467,u,58,u,1,u,0,u
S08000020,201712,850,u,718,u,130,u,2,u,0,u
S08000021,201712,1220,u,1187,u,33,u,0,u,0,u
S08000022,201712,324,u,256,u,48,u,15,u,5,u
S08000023,201712,823,u,754,u,69,u,0,u,0,u
S08000024,201712,1670,u,1137,u,335,u,161,u,37,u
S08000025,201712,37,u,31,u,6,u,0,u,0,u
S08000026,201712,27,u,27,u,0,u,0,u,0,u
S08000027,201712,630,u,487,u,143,u,0,u,0,u
S08000028,201712,12,u,12,u,0,u,0,u,0,u
S92000003,201712,7620,d u,6286,d u,1032,d u,235,d u,67,d u
S08000015,201711,293,u,282,u,6,u,3,u,2,u
S08000016,201711,159,u,145,u,14,u,0,u,0,u
S08000017,201711,181,u,179,u,2,u,0,u,0,u
S08000018,201711,735,u,497,u,171,u,49,u,18,u
S08000019,201711,509,u,441,u,67,u,1,u,0,u
S08000020,201711,804,u,680,u,116,u,8,u,0,u
S08000021,201711,1162,u,1149,u,13,u,0,u,0,u
S08000022,201711,297,u,230,u,48,u,15,u,4,u
S08000023,201711,820,u,749,u,70,u,1,u,0,u
S08000024,201711,1623,u,1110,u,341,u,154,u,18,u
S08000025,201711,26,u,19,u,7,u,0,u,0,u
S08000026,201711,20,u,20,u,0,u,0,u,0,u
S08000027,201711,634,u,478,u,154,u,2,u,0,u
S08000028,201711,8,u,8,u,0,u,0,u,0,u
S92000003,201711,7271,d u,5987,d u,1009,d u,233,d u,42,d u
S08000015,201710,292,u,268,u,18,u,3,u,3,u
S08000016,201710,121,u,112,u,9,u,0,u,0,u
S08000017,201710,165,u,163,u,2,u,0,u,0,u
S08000018,201710,688,u,442,u,185,u,39,u,22,u
S08000019,201710,473,u,391,u,82,u,0,u,0,u
S08000020,201710,731,u,606,u,111,u,14,u,0,u
S08000021,201710,1027,u,1014,u,13,u,0,u,0,u
S08000022,201710,278,u,199,u,55,u,18,u,6,u
S08000023,201710,755,u,662,u,93,u,0,u,0,u
S08000024,201710,1518,u,991,u,344,u,162,u,21,u
S08000025,201710,24,u,18,u,6,u,0,u,0,u
S08000026,201710,17,u,17,u,0,u,0,u,0,u
S08000027,201710,,:,,:,,:,,:,,:
S08000028,201710,10,u,10,u,0,u,0,u,0,u
S92000003,201710,6099,d u,4893,d u,918,d u,236,d u,52,d u
S08000015,201709,263,u,242,u,17,u,2,u,2,u
S08000016,201709,121,u,110,u,11,u,0,u,0,u
S08000017,201709,126,u,123,u,3,u,0,u,0,u
S08000018,201709,694,u,439,u,197,u,41,u,17,u
S08000019,201709,452,u,409,u,42,u,1,u,0,u
S08000020,201709,699,u,547,u,134,u,17,u,1,u
S08000021,201709,991,u,979,u,12,u,0,u,0,u
S08000022,201709,301,u,230,u,53,u,14,u,4,u
S08000023,201709,747,u,645,u,102,u,0,u,0,u
S08000024,201709,1487,u,958,u,363,u,142,u,24,u
S08000025,201709,21,u,19,u,2,u,0,u,0,u
S08000026,201709,22,u,22,u,0,u,0,u,0,u
S08000027,201709,,:,,:,,:,,:,,:
S08000028,201709,15,u,15,u,0,u,0,u,0,u
S92000003,201709,5939,d u,4738,d u,936,d u,217,d u,48,d u
S08000015,201708,258,u,236,u,18,u,2,u,2,u
S08000016,201708,101,u,99,u,2,u,0,u,0,u
S08000017,201708,128,u,128,u,0,u,0,u,0,u
S08000018,201708,661,u,398,u,211,u,33,u,19,u
S08000019,201708,411,u,386,u,24,u,1,u,0,u
S08000020,201708,706,u,562,u,117,u,26,u,1,u
S08000021,201708,928,u,926,u,2,u,0,u,0,u
S08000022,201708,221,u,169,u,41,u,9,u,2,u
S08000023,201708,622,u,526,u,94,u,2,u,0,u
S08000024,201708,1456,u,949,u,363,u,127,u,17,u
S08000025,201708,16,u,15,u,1,u,0,u,0,u
S08000026,201708,16,u,12,u,4,u,0,u,0,u
S08000027,201708,,:,,:,,:,,:,,:
S08000028,201708,13,u,13,u,0,u,0,u,0,u
S92000003,201708,5537,d u,4419,d u,877,d u,200,d u,41,d u
S08000015,201707,296,u,273,u,18,u,3,u,2,u
S08000016,201707,113,u,112,u,1,u,0,u,0,u
S08000017,201707,130,u,130,u,0,u,0,u,0,u
S08000018,201707,639,u,403,u,193,u,30,u,13,u
S08000019,201707,421,u,405,u,15,u,1,u,0,u
S08000020,201707,789,u,617,u,144,u,26,u,2,u
S08000021,201707,919,u,912,u,7,u,0,u,0,u
S08000022,201707,323,u,236,u,62,u,19,u,6,u
S08000023,201707,731,u,600,u,131,u,0,u,0,u
S08000024,201707,1499,u,962,u,396,u,120,u,21,u
S08000025,201707,13,u,13,u,0,u,0,u,0,u
S08000026,201707,24,u,24,u,0,u,0,u,0,u
S08000027,201707,,:,,:,,:,,:,,:
S08000028,201707,5,u,5,u,0,u,0,u,0,u
S92000003,201707,5902,d u,4692,d u,967,d u,199,d u,44,d u
S08000015,201706,306,u,296,u,5,u,4,u,1,u
S08000016,201706,112,u,111,u,1,u,0,u,0,u
S08000017,201706,148,u,146,u,2,u,0,u,0,u
S08000018,201706,657,u,476,u,142,u,25,u,14,u
S08000019,201706,450,u,441,u,9,u,0,u,0,u
S08000020,201706,870,u,729,u,111,u,27,u,3,u
S08000021,201706,1041,u,1040,u,1,u,0,u,0,u
S08000022,201706,349,u,252,u,67,u,25,u,5,u
S08000023,201706,822,u,704,u,118,u,0,u,0,u
S08000024,201706,1501,u,1024,u,357,u,106,u,14,u
S08000025,201706,11,u,11,u,0,u,0,u,0,u
S08000026,201706,23,u,23,u,0,u,0,u,0,u
S08000027,201706,661,u,642,u,19,u,0,u,0,u
S08000028,201706,13,u,13,u,0,u,0,u,0,u
S92000003,201706,6964,d u,5908,d u,832,d u,187,d u,37,d u
S08000015,201705,306,u,293,u,6,u,7,u,0,u
S08000016,201705,132,u,132,u,0,u,0,u,0,u
S08000017,201705,162,u,162,u,0,u,0,u,0,u
S08000018,201705,667,u,480,u,144,u,21,u,22,u
S08000019,201705,430,u,424,u,6,u,0,u,0,u
S08000020,201705,858,u,699,u,136,u,21,u,2,u
S08000021,201705,1035,u,1033,u,2,u,0,u,0,u
S08000022,201705,296,u,204,u,65,u,19,u,8,u
S08000023,201705,815,u,719,u,96,u,0,u,0,u
S08000024,201705,1425,u,1006,u,316,u,94,u,9,u
S08000025,201705,12,u,12,u,0,u,0,u,0,u
S08000026,201705,20,u,20,u,0,u,0,u,0,u
S08000027,201705,699,u,669,u,30,u,0,u,0,u
S08000028,201705,16,u,16,u,0,u,0,u,0,u
S92000003,201705,6873,d u,5869,d u,801,d u,162,d u,41,d u
S08000015,201704,326,u,311,u,7,u,7,u,1,u
S08000016,201704,137,u,137,u,0,u,0,u,0,u
S08000017,201704,154,u,154,u,0,u,0,u,0,u
S08000018,201704,609,u,431,u,143,u,14,u,21,u
S08000019,201704,413,u,408,u,5,u,0,u,0,u
S08000020,201704,877,u,703,u,155,u,19,u,0,u
S08000021,201704,1013,u,1004,u,9,u,0,u,0,u
S08000022,201704,370,u,273,u,76,u,16,u,5,u
S08000023,201704,704,u,623,u,81,u,0,u,0,u
S08000024,201704,1457,u,964,u,379,u,101,u,13,u
S08000025,201704,12,u,12,u,0,u,0,u,0,u
S08000026,201704,17,u,17,u,0,u,0,u,0,u
S08000027,201704,574,u,545,u,29,u,0,u,0,u
S08000028,201704,14,u,14,u,0,u,0,u,0,u
S92000003,201704,6677,d u,5596,d u,884,d u,157,d u,40,d u
S08000015,201703,348,u,328,u,12,u,7,u,1,u
S08000016,201703,154,u,154,u,0,u,0,u,0,u
S08000017,201703,138,u,138,u,0,u,0,u,0,u
S08000018,201703,686,u,484,u,170,u,13,u,19,u
S08000019,201703,421,u,420,u,1,u,0,u,0,u
S08000020,201703,858,u,743,u,104,u,11,u,0,u
S08000021,201703,1057,u,1045,u,12,u,0,u,0,u
S08000022,201703,356,u,275,u,57,u,15,u,9,u
S08000023,201703,710,u,664,u,46,u,0,u,0,u
S08000024,201703,1472,u,1006,u,331,u,109,u,26,u
S08000025,201703,11,u,10,u,1,u,0,u,0,u
S08000026,201703,13,u,13,u,0,u,0,u,0,u
S08000027,201703,689,u,652,u,37,u,0,u,0,u
S08000028,201703,19,u,19,u,0,u,0,u,0,u
S92000003,201703,6932,d u,5951,d u,771,d u,155,d u,55,d u
S08000015,201702,333,u,313,u,11,u,8,u,1,u
S08000016,201702,134,u,133,u,1,u,0,u,0,u
S08000017,201702,120,u,120,u,0,u,0,u,0,u
S08000018,201702,618,u,472,u,113,u,18,u,15,u
S08000019,201702,384,u,384,u,0,u,0,u,0,u
S08000020,201702,829,u,700,u,107,u,21,u,1,u
S08000021,201702,1000,u,983,u,17,u,0,u,0,u
S08000022,201702,300,u,231,u,51,u,14,u,4,u
S08000023,201702,634,u,602,u,31,u,1,u,0,u
S08000024,201702,1470,u,992,u,294,u,151,u,33,u
S08000025,201702,8,u,8,u,0,u,0,u,0,u
S08000026,201702,8,u,8,u,0,u,0,u,0,u
S08000027,201702,638,u,631,u,7,u,0,u,0,u
S08000028,201702,16,u,16,u,0,u,0,u,0,u
S92000003,201702,6492,d u,5593,d u,632,d u,213,d u,54,d u
S08000015,201701,324,u,302,u,20,u,1,u,1,u
S08000016,201701,153,u,153,u,0,u,0,u,0,u
S08000017,201701,110,u,110,u,0,u,0,u,0,u
S08000018,201701,557,u,441,u,82,u,17,u,17,u
S08000019,201701,373,u,372,u,1,u,0,u,0,u
S08000020,201701,808,u,703,u,89,u,15,u,1,u
S08000021,201701,993,u,979,u,14,u,0,u,0,u
S08000022,201701,306,u,253,u,32,u,18,u,3,u
S08000023,201701,583,u,555,u,27,u,1,u,0,u
S08000024,201701,1564,u,992,u,307,u,213,u,52,u
S08000025,201701,14,u,14,u,0,u,0,u,0,u
S08000026,201701,10,u,10,u,0,u,0,u,0,u
S08000027,201701,617,u,609,u,8,u,0,u,0,u
S08000028,201701,10,u,10,u,0,u,0,u,0,u
S92000003,201701,6422,d u,5503,d u,580,d u,265,d u,74,d u
S08000015,201612,313,u,286,u,24,u,3,u,0,u
S08000016,201612,163,u,163,u,0,u,0,u,0,u
S08000017,201612,109,u,109,u,0,u,0,u,0,u
S08000018,201612,613,u,509,u,67,u,22,u,15,u
S08000019,201612,358,u,357,u,1,u,0,u,0,u
S08000020,201612,774,u,693,u,74,u,7,u,0,u
S08000021,201612,946,u,936,u,10,u,0,u,0,u
S08000022,201612,292,u,238,u,34,u,15,u,5,u
S08000023,201612,596,u,586,u,9,u,1,u,0,u
S08000024,201612,1471,u,892,u,280,u,243,u,56,u
S08000025,201612,12,u,12,u,0,u,0,u,0,u
S08000026,201612,13,u,13,u,0,u,0,u,0,u
S08000027,201612,611,u,610,u,1,u,0,u,0,u
S08000028,201612,8,u,8,u,0,u,0,u,0,u
S92000003,201612,6279,d u,5412,d u,500,d u,291,d u,76,d u
S08000015,201611,317,u,286,u,30,u,1,u,0,u
S08000016,201611,154,u,154,u,0,u,0,u,0,u
S08000017,201611,72,u,72,u,0,u,0,u,0,u
S08000018,201611,542,u,449,u,63,u,15,u,15,u
S08000019,201611,322,u,321,u,1,u,0,u,0,u
S08000020,201611,656,u,565,u,84,u,7,u,0,u
S08000021,201611,919,u,914,u,5,u,0,u,0,u
S08000022,201611,247,u,188,u,40,u,16,u,3,u
S08000023,201611,524,u,513,u,11,u,0,u,0,u
S08000024,201611,1570,u,886,u,358,u,277,u,49,u
S08000025,201611,10,u,10,u,0,u,0,u,0,u
S08000026,201611,11,u,11,u,0,u,0,u,0,u
S08000027,201611,532,u,531,u,1,u,0,u,0,u
S08000028,201611,8,u,8,u,0,u,0,u,0,u
S92000003,201611,5884,d u,4908,d u,593,d u,316,d u,67,d u
S08000015,201610,334,u,305,u,27,u,2,u,0,u
S08000016,201610,129,u,128,u,1,u,0,u,0,u
S08000017,201610,62,u,62,u,0,u,0,u,0,u
S08000018,201610,534,u,418,u,85,u,13,u,18,u
S08000019,201610,323,u,319,u,4,u,0,u,0,u
S08000020,201610,569,u,439,u,126,u,4,u,0,u
S08000021,201610,907,u,902,u,5,u,0,u,0,u
S08000022,201610,285,u,208,u,52,u,20,u,5,u
S08000023,201610,472,u,443,u,29,u,0,u,0,u
S08000024,201610,1588,u,805,u,412,u,317,u,54,u
S08000025,201610,9,u,9,u,0,u,0,u,0,u
S08000026,201610,13,u,13,u,0,u,0,u,0,u
S08000027,201610,478,u,475,u,3,u,0,u,0,u
S08000028,201610,14,u,14,u,0,u,0,u,0,u
S92000003,201610,5717,d u,4540,d u,744,d u,356,d u,77,d u
S08000015,201609,352,u,333,u,18,u,1,u,0,u
S08000016,201609,140,u,139,u,1,u,0,u,0,u
S08000017,201609,72,u,72,u,0,u,0,u,0,u
S08000018,201609,538,u,434,u,72,u,15,u,17,u
S08000019,201609,332,u,325,u,7,u,0,u,0,u
S08000020,201609,496,u,394,u,98,u,4,u,0,u
S08000021,201609,861,u,860,u,1,u,0,u,0,u
S08000022,201609,223,u,162,u,45,u,12,u,4,u
S08000023,201609,512,u,457,u,55,u,0,u,0,u
S08000024,201609,1629,u,819,u,449,u,307,u,54,u
S08000025,201609,4,u,4,u,0,u,0,u,0,u
S08000026,201609,13,u,13,u,0,u,0,u,0,u
S08000027,201609,521,u,520,u,1,u,0,u,0,u
S08000028,201609,9,u,9,u,0,u,0,u,0,u
S92000003,201609,5702,d u,4541,d u,747,d u,339,d u,75,d u
S08000015,201608,301,u,281,u,16,u,4,u,0,u
S08000016,201608,121,u,121,u,0,u,0,u,0,u
S08000017,201608,79,u,78,u,1,u,0,u,0,u
S08000018,201608,497,u,397,u,72,u,15,u,13,u
S08000019,201608,362,u,337,u,25,u,0,u,0,u
S08000020,201608,459,u,358,u,101,u,0,u,0,u
S08000021,201608,782,u,778,u,4,u,0,u,0,u
S08000022,201608,226,u,162,u,46,u,15,u,3,u
S08000023,201608,531,u,433,u,98,u,0,u,0,u
S08000024,201608,1691,u,838,u,445,u,328,u,80,u
S08000025,201608,0,u,0,u,0,u,0,u,0,u
S08000026,201608,5,u,5,u,0,u,0,u,0,u
S08000027,201608,462,u,462,u,0,u,0,u,0,u
S08000028,201608,4,u,4,u,0,u,0,u,0,u
S92000003,201608,5520,d u,4254,d u,808,d u,362,d u,96,d u
S08000015,201607,342,u,308,u,30,u,4,u,0,u
S08000016,201607,129,u,129,u,0,u,0,u,0,u
S08000017,201607,90,u,90,u,0,u,0,u,0,u
S08000018,201607,503,u,400,u,62,u,25,u,16,u
S08000019,201607,446,u,381,u,64,u,1,u,0,u
S08000020,201607,480,u,378,u,101,u,1,u,0,u
S08000021,201607,843,u,840,u,3,u,0,u,0,u
S08000022,201607,265,u,196,u,49,u,19,u,1,u
S08000023,201607,616,u,503,u,112,u,1,u,0,u
S08000024,201607,1817,u,956,u,455,u,330,u,76,u
S08000025,201607,3,u,3,u,0,u,0,u,0,u
S08000026,201607,7,u,6,u,1,u,0,u,0,u
S08000027,201607,489,u,488,u,1,u,0,u,0,u
S08000028,201607,10,u,10,u,0,u,0,u,0,u
S92000003,201607,6040,d u,4688,d u,878,d u,381,d u,93,d u
S08000015,201606,385,u,348,u,35,u,2,u,0,u
S08000016,201606,125,u,125,u,0,u,0,u,0,u
S08000017,201606,120,u,119,u,1,u,0,u,0,u
S08000018,201606,494,u,402,u,53,u,26,u,13,u
S08000019,201606,507,u,419,u,87,u,0,u,1,u
S08000020,201606,530,u,458,u,71,u,1,u,0,u
S08000021,201606,964,u,961,u,3,u,0,u,0,u
S08000022,201606,251,u,181,u,51,u,15,u,4,u
S08000023,201606,738,u,669,u,69,u,0,u,0,u
S08000024,201606,1857,u,1040,u,469,u,282,u,66,u
S08000025,201606,1,u,1,u,0,u,0,u,0,u
S08000026,201606,18,u,11,u,7,u,0,u,0,u
S08000027,201606,559,u,554,u,5,u,0,u,0,u
S08000028,201606,19,u,19,u,0,u,0,u,0,u
S92000003,201606,6568,d u,5307,d u,851,d u,326,d u,84,d u
S08000015,201605,357,u,336,u,20,u,1,u,0,u
S08000016,201605,126,u,118,u,8,u,0,u,0,u
S08000017,201605,131,u,130,u,0,u,0,u,1,u
S08000018,201605,557,u,460,u,53,u,28,u,16,u
S08000019,201605,498,u,393,u,105,u,0,u,0,u
S08000020,201605,672,u,588,u,82,u,1,u,1,u
S08000021,201605,949,u,946,u,3,u,0,u,0,u
S08000022,201605,267,u,202,u,46,u,13,u,6,u
S08000023,201605,721,u,680,u,41,u,0,u,0,u
S08000024,201605,1996,u,1132,u,499,u,289,u,76,u
S08000025,201605,5,u,5,u,0,u,0,u,0,u
S08000026,201605,21,u,14,u,7,u,0,u,0,u
S08000027,201605,506,u,493,u,12,u,1,u,0,u
S08000028,201605,13,u,13,u,0,u,0,u,0,u
S92000003,201605,6819,d u,5510,d u,876,d u,333,d u,100,d u
S08000015,201604,328,u,315,u,13,u,0,u,0,u
S08000016,201604,147,u,132,u,15,u,0,u,0,u
S08000017,201604,122,u,122,u,0,u,0,u,0,u
S08000018,201604,581,u,481,u,65,u,22,u,13,u
S08000019,201604,562,u,396,u,165,u,1,u,0,u
S08000020,201604,644,u,499,u,141,u,3,u,1,u
S08000021,201604,964,u,962,u,2,u,0,u,0,u
S08000022,201604,281,u,219,u,47,u,9,u,6,u
S08000023,201604,718,u,681,u,37,u,0,u,0,u
S08000024,201604,2085,u,1154,u,537,u,303,u,91,u
S08000025,201604,2,u,2,u,0,u,0,u,0,u
S08000026,201604,27,u,16,u,11,u,0,u,0,u
S08000027,201604,314,u,314,u,0,u,0,u,0,u
S08000028,201604,10,u,10,u,0,u,0,u,0,u
S92000003,201604,6785,d u,5303,d u,1033,d u,338,d u,111,d u
S08000015,201603,298,u,293,u,5,u,0,u,0,u
S08000016,201603,149,u,139,u,10,u,0,u,0,u
S08000017,201603,123,u,121,u,2,u,0,u,0,u
S08000018,201603,569,u,464,u,77,u,15,u,13,u
S08000019,201603,548,u,418,u,130,u,0,u,0,u
S08000020,201603,648,u,508,u,137,u,1,u,2,u
S08000021,201603,1005,u,1005,u,0,u,0,u,0,u
S08000022,201603,278,u,214,u,52,u,8,u,4,u
S08000023,201603,751,u,733,u,18,u,0,u,0,u
S08000024,201603,2078,u,1190,u,508,u,283,u,97,u
S08000025,201603,0,u,0,u,0,u,0,u,0,u
S08000026,201603,35,u,22,u,12,u,1,u,0,u
S08000027,201603,132,u,126,u,6,u,0,u,0,u
S08000028,201603,10,u,10,u,0,u,0,u,0,u
S92000003,201603,6624,d u,5243,d u,957,d u,308,d u,116,d u
S08000015,201602,318,u,310,u,7,u,1,u,0,u
S08000016,201602,138,u,127,u,9,u,2,u,0,u
S08000017,201602,104,u,103,u,1,u,0,u,0,u
S08000018,201602,529,u,452,u,52,u,15,u,10,u
S08000019,201602,524,u,429,u,94,u,1,u,0,u
S08000020,201602,647,u,512,u,131,u,3,u,1,u
S08000021,201602,956,u,956,u,0,u,0,u,0,u
S08000022,201602,258,u,202,u,41,u,13,u,2,u
S08000023,201602,674,u,653,u,21,u,0,u,0,u
S08000024,201602,2060,u,1245,u,426,u,328,u,61,u
S08000025,201602,3,u,3,u,0,u,0,u,0,u
S08000026,201602,32,u,21,u,10,u,1,u,0,u
S08000027,201602,360,u,358,u,2,u,0,u,0,u
S08000028,201602,15,u,15,u,0,u,0,u,0,u
S92000003,201602,6618,d u,5386,d u,794,d u,364,d u,74,d u
S08000015,201601,281,u,271,u,10,u,0,u,0,u
S08000016,201601,141,u,128,u,13,u,0,u,0,u
S08000017,201601,91,u,91,u,0,u,0,u,0,u
S08000018,201601,519,u,409,u,75,u,27,u,8,u
S08000019,201601,540,u,427,u,113,u,0,u,0,u
S08000020,201601,624,u,501,u,119,u,3,u,1,u
S08000021,201601,892,u,892,u,0,u,0,u,0,u
S08000022,201601,301,u,247,u,40,u,11,u,3,u
S08000023,201601,657,u,640,u,17,u,0,u,0,u
S08000024,201601,1929,u,1182,u,424,u,288,u,35,u
S08000025,201601,7,u,7,u,0,u,0,u,0,u
S08000026,201601,42,u,27,u,9,u,6,u,0,u
S08000027,201601,295,u,292,u,3,u,0,u,0,u
S08000028,201601,18,u,18,u,0,u,0,u,0,u
S92000003,201601,6337,d u,5132,d u,823,d u,335,d u,47,d u
S08000015,201512,284,u,258,u,24,u,1,u,1,u
S08000016,201512,145,u,132,u,12,u,1,u,0,u
S08000017,201512,93,u,93,u,0,u,0,u,0,u
S08000018,201512,498,u,410,u,59,u,23,u,6,u
S08000019,201512,525,u,494,u,30,u,1,u,0,u
S08000020,201512,614,u,516,u,95,u,3,u,0,u
S08000021,201512,933,u,932,u,1,u,0,u,0,u
S08000022,201512,291,u,256,u,21,u,14,u,0,u
S08000023,201512,638,u,625,u,13,u,0,u,0,u
S08000024,201512,1900,u,1191,u,425,u,256,u,28,u
S08000025,201512,6,u,6,u,0,u,0,u,0,u
S08000026,201512,49,u,33,u,8,u,8,u,0,u
S08000027,201512,525,u,501,u,20,u,4,u,0,u
S08000028,201512,12,u,12,u,0,u,0,u,0,u
S92000003,201512,6513,d u,5459,d u,708,d u,311,d u,35,d u
S08000015,201511,235,u,218,u,15,u,0,u,2,u
S08000016,201511,144,u,123,u,21,u,0,u,0,u
S08000017,201511,88,u,88,u,0,u,0,u,0,u
S08000018,201511,470,u,374,u,64,u,27,u,5,u
S08000019,201511,552,u,481,u,68,u,3,u,0,u
S08000020,201511,742,u,642,u,91,u,5,u,4,u
S08000021,201511,913,u,913,u,0,u,0,u,0,u
S08000022,201511,292,u,244,u,31,u,17,u,0,u
S08000023,201511,564,u,553,u,11,u,0,u,0,u
S08000024,201511,1826,u,1139,u,436,u,236,u,15,u
S08000025,201511,7,u,7,u,0,u,0,u,0,u
S08000026,201511,37,u,20,u,11,u,6,u,0,u
S08000027,201511,477,u,451,u,22,u,4,u,0,u
S08000028,201511,8,u,8,u,0,u,0,u,0,u
S92000003,201511,6355,d u,5261,d u,770,d u,298,d u,26,d u
S08000015,201510,199,u,189,u,10,u,0,u,0,u
S08000016,201510,152,u,128,u,24,u,0,u,0,u
S08000017,201510,86,u,86,u,0,u,0,u,0,u
S08000018,201510,480,u,368,u,86,u,24,u,2,u
S08000019,201510,597,u,421,u,165,u,11,u,0,u
S08000020,201510,725,u,579,u,136,u,6,u,4,u
S08000021,201510,845,u,845,u,0,u,0,u,0,u
S08000022,201510,299,u,192,u,69,u,36,u,2,u
S08000023,201510,564,u,533,u,31,u,0,u,0,u
S08000024,201510,1677,u,947,u,503,u,215,u,12,u
S08000025,201510,6,u,6,u,0,u,0,u,0,u
S08000026,201510,31,u,13,u,18,u,0,u,0,u
S08000027,201510,491,u,416,u,74,u,1,u,0,u
S08000028,201510,7,u,7,u,0,u,0,u,0,u
S92000003,201510,6159,d u,4730,d u,1116,d u,293,d u,20,d u
S08000015,201509,177,u,171,u,6,u,0,u,0,u
S08000016,201509,160,u,134,u,26,u,0,u,0,u
S08000017,201509,89,u,89,u,0,u,0,u,0,u
S08000018,201509,491,u,344,u,123,u,22,u,2,u
S08000019,201509,556,u,395,u,156,u,5,u,0,u
S08000020,201509,675,u,548,u,120,u,3,u,4,u
S08000021,201509,783,u,783,u,0,u,0,u,0,u
S08000022,201509,372,u,205,u,64,u,36,u,67,u
S08000023,201509,533,u,494,u,39,u,0,u,0,u
S08000024,201509,1668,u,988,u,518,u,154,u,8,u
S08000025,201509,6,u,6,u,0,u,0,u,0,u
S08000026,201509,27,u,11,u,16,u,0,u,0,u
S08000027,201509,588,u,425,u,161,u,2,u,0,u
S08000028,201509,16,u,16,u,0,u,0,u,0,u
S92000003,201509,6141,d u,4609,d u,1229,d u,222,d u,81,d u
S08000015,201508,151,u,147,u,4,u,0,u,0,u
S08000016,201508,146,u,130,u,16,u,0,u,0,u
S08000017,201508,77,u,76,u,1,u,0,u,0,u
S08000018,201508,508,u,359,u,113,u,35,u,1,u
S08000019,201508,527,u,336,u,179,u,11,u,1,u
S08000020,201508,608,u,523,u,83,u,2,u,0,u
S08000021,201508,693,u,693,u,0,u,0,u,0,u
S08000022,201508,285,u,173,u,86,u,24,u,2,u
S08000023,201508,483,u,414,u,69,u,0,u,0,u
S08000024,201508,1737,u,1043,u,521,u,167,u,6,u
S08000025,201508,2,u,2,u,0,u,0,u,0,u
S08000026,201508,27,u,13,u,14,u,0,u,0,u
S08000027,201508,577,u,410,u,162,u,5,u,0,u
S08000028,201508,13,u,13,u,0,u,0,u,0,u
S92000003,201508,5834,d u,4332,d u,1248,d u,244,d u,10,d u
S08000015,201507,142,u,131,u,10,u,0,u,1,u
S08000016,201507,146,u,123,u,22,u,1,u,0,u
S08000017,201507,59,u,59,u,0,u,0,u,0,u
S08000018,201507,510,u,374,u,97,u,35,u,4,u
S08000019,201507,452,u,278,u,165,u,8,u,1,u
S08000020,201507,648,u,558,u,89,u,1,u,0,u
S08000021,201507,741,u,741,u,0,u,0,u,0,u
S08000022,201507,331,u,205,u,113,u,11,u,2,u
S08000023,201507,520,u,453,u,67,u,0,u,0,u
S08000024,201507,1737,u,1096,u,505,u,131,u,5,u
S08000025,201507,5,u,5,u,0,u,0,u,0,u
S08000026,201507,28,u,21,u,7,u,0,u,0,u
S08000027,201507,661,u,449,u,181,u,28,u,3,u
S08000028,201507,10,u,10,u,0,u,0,u,0,u
S92000003,201507,5990,d u,4503,d u,1256,d u,215,d u,16,d u
S08000015,201506,224,u,207,u,12,u,2,u,3,u
S08000016,201506,146,u,132,u,14,u,0,u,0,u
S08000017,201506,81,u,79,u,2,u,0,u,0,u
S08000018,201506,580,u,417,u,117,u,35,u,11,u
S08000019,201506,468,u,345,u,117,u,4,u,2,u
S08000020,201506,717,u,668,u,49,u,0,u,0,u
S08000021,201506,870,u,870,u,0,u,0,u,0,u
S08000022,201506,373,u,269,u,94,u,8,u,2,u
S08000023,201506,547,u,514,u,33,u,0,u,0,u
S08000024,201506,1708,u,1192,u,427,u,88,u,1,u
S08000025,201506,4,u,4,u,0,u,0,u,0,u
S08000026,201506,38,u,36,u,2,u,0,u,0,u
S08000027,201506,752,u,465,u,215,u,71,u,1,u
S08000028,201506,11,u,11,u,0,u,0,u,0,u
S92000003,201506,6519,d u,5209,d u,1082,d u,208,d u,20,d u
S08000015,201505,228,u,223,u,4,u,1,u,0,u
S08000016,201505,144,u,133,u,11,u,0,u,0,u
S08000017,201505,99,u,98,u,1,u,0,u,0,u
S08000018,201505,640,u,446,u,131,u,46,u,17,u
S08000019,201505,485,u,383,u,98,u,2,u,2,u
S08000020,201505,727,u,669,u,58,u,0,u,0,u
S08000021,201505,903,u,903,u,0,u,0,u,0,u
S08000022,201505,343,u,257,u,77,u,7,u,2,u
S08000023,201505,497,u,486,u,11,u,0,u,0,u
S08000024,201505,1709,u,1222,u,403,u,79,u,5,u
S08000025,201505,3,u,3,u,0,u,0,u,0,u
S08000026,201505,,u,,:,,:,,:,,:
S08000027,201505,817,u,491,u,229,u,92,u,5,u
S08000028,201505,9,u,9,u,0,u,0,u,0,u
S92000003,201505,6604,d u,5323,d u,1023,d u,227,d u,31,d u
S08000015,201504,223,u,213,u,7,u,0,u,3,u
S08000016,201504,129,u,117,u,12,u,0,u,0,u
S08000017,201504,113,u,109,u,4,u,0,u,0,u
S08000018,201504,639,u,428,u,151,u,49,u,11,u
S08000019,201504,450,u,362,u,87,u,1,u,0,u
S08000020,201504,703,u,638,u,64,u,1,u,0,u
S08000021,201504,990,u,990,u,0,u,0,u,0,u
S08000022,201504,332,u,284,u,43,u,4,u,1,u
S08000023,201504,514,u,496,u,18,u,0,u,0,u
S08000024,201504,1687,u,1206,u,417,u,60,u,4,u
S08000025,201504,6,u,6,u,0,u,0,u,0,u
S08000026,201504,,:,,:,,:,,:,,:
S08000027,201504,849,u,435,u,275,u,128,u,11,u
S08000028,201504,14,u,14,u,0,u,0,u,0,u
S92000003,201504,6649,d u,5298,d u,1078,d u,243,d u,30,d u
S08000015,201503,222,u,221,u,1,u,0,u,0,u
S08000016,201503,132,u,121,u,11,u,0,u,0,u
S08000017,201503,131,u,128,u,3,u,0,u,0,u
S08000018,201503,612,u,447,u,119,u,44,u,2,u
S08000019,201503,469,u,372,u,97,u,0,u,0,u
S08000020,201503,705,u,659,u,44,u,1,u,1,u
S08000021,201503,1079,u,1078,u,1,u,0,u,0,u
S08000022,201503,379,u,353,u,22,u,3,u,1,u
S08000023,201503,506,u,493,u,13,u,0,u,0,u
S08000024,201503,1704,u,1259,u,385,u,57,u,3,u
S08000025,201503,6,u,6,u,0,u,0,u,0,u
S08000026,201503,,:,,:,,:,,:,,:
S08000027,201503,902,u,437,u,250,u,186,u,29,u
S08000028,201503,20,u,20,u,0,u,0,u,0,u
S92000003,201503,6867,d u,5594,d u,946,d u,291,d u,36,d u
S08000015,201502,209,u,197,u,9,u,1,u,2,u
S08000016,201502,125,u,117,u,8,u,0,u,0,u
S08000017,201502,93,u,93,u,0,u,0,u,0,u
S08000018,201502,522,u,374,u,98,u,48,u,2,u
S08000019,201502,380,u,316,u,60,u,4,u,0,u
S08000020,201502,652,u,604,u,46,u,0,u,2,u
S08000021,201502,1058,u,1058,u,0,u,0,u,0,u
S08000022,201502,356,u,318,u,26,u,9,u,3,u
S08000023,201502,446,u,444,u,2,u,0,u,0,u
S08000024,201502,1699,u,1253,u,386,u,51,u,9,u
S08000025,201502,10,u,10,u,0,u,0,u,0,u
S08000026,201502,30,u,27,u,3,u,0,u,0,u
S08000027,201502,975,u,390,u,245,u,228,u,112,u
S08000028,201502,10,u,10,u,0,u,0,u,0,u
S92000003,201502,6565,d u,5211,d u,883,d u,341,d u,130,d u
S08000015,201501,171,u,160,u,9,u,2,u,0,u
S08000016,201501,106,u,104,u,2,u,0,u,0,u
S08000017,201501,87,u,87,u,0,u,0,u,0,u
S08000018,201501,530,u,380,u,99,u,50,u,1,u
S08000019,201501,346,u,293,u,48,u,5,u,0,u
S08000020,201501,647,u,612,u,34,u,1,u,0,u
S08000021,201501,1044,u,1042,u,2,u,0,u,0,u
S08000022,201501,307,u,271,u,24,u,11,u,1,u
S08000023,201501,407,u,403,u,4,u,0,u,0,u
S08000024,201501,1651,u,1223,u,363,u,55,u,10,u
S08000025,201501,13,u,13,u,0,u,0,u,0,u
S08000026,201501,28,u,26,u,2,u,0,u,0,u
S08000027,201501,1061,u,392,u,240,u,248,u,181,u
S08000028,201501,11,u,11,u,0,u,0,u,0,u
S92000003,201501,6409,d u,5017,d u,827,d u,372,d u,193,d u
S08000015,201412,204,u,184,u,11,u,9,u,0,u
S08000016,201412,99,u,98,u,1,u,0,u,0,u
S08000017,201412,89,u,88,u,1,u,0,u,0,u
S08000018,201412,519,u,398,u,91,u,29,u,1,u
S08000019,201412,326,u,284,u,37,u,5,u,0,u
S08000020,201412,624,u,586,u,37,u,1,u,0,u
S08000021,201412,1083,u,1082,u,1,u,0,u,0,u
S08000022,201412,277,u,243,u,22,u,11,u,1,u
S08000023,201412,421,u,417,u,4,u,0,u,0,u
S08000024,201412,1784,u,1290,u,365,u,115,u,14,u
S08000025,201412,6,u,6,u,0,u,0,u,0,u
S08000026,201412,23,u,23,u,0,u,0,u,0,u
S08000027,201412,1105,u,404,u,229,u,262,u,210,u
S08000028,201412,13,u,13,u,0,u,0,u,0,u
S92000003,201412,6573,d u,5116,d u,799,d u,432,d u,226,d u
S08000015,201411,195,u,180,u,8,u,7,u,0,u
S08000016,201411,102,u,102,u,0,u,0,u,0,u
S08000017,201411,92,u,91,u,1,u,0,u,0,u
S08000018,201411,463,u,336,u,98,u,27,u,2,u
S08000019,201411,316,u,273,u,35,u,5,u,3,u
S08000020,201411,555,u,490,u,62,u,3,u,0,u
S08000021,201411,1095,u,1095,u,0,u,0,u,0,u
S08000022,201411,239,u,212,u,16,u,10,u,1,u
S08000023,201411,379,u,366,u,12,u,1,u,0,u
S08000024,201411,1678,u,1185,u,325,u,139,u,29,u
S08000025,201411,8,u,8,u,0,u,0,u,0,u
S08000026,201411,21,u,21,u,0,u,0,u,0,u
S08000027,201411,1050,u,353,u,227,u,284,u,186,u
S08000028,201411,12,u,12,u,0,u,0,u,0,u
S92000003,201411,6205,d u,4724,d u,784,d u,476,d u,221,d u
S08000015,201410,275,u,223,u,23,u,26,u,3,u
S08000016,201410,97,u,97,u,0,u,0,u,0,u
S08000017,201410,84,u,84,u,0,u,0,u,0,u
S08000018,201410,486,u,339,u,108,u,33,u,6,u
S08000019,201410,309,u,254,u,46,u,8,u,1,u
S08000020,201410,587,u,490,u,92,u,4,u,1,u
S08000021,201410,967,u,965,u,2,u,0,u,0,u
S08000022,201410,190,u,155,u,29,u,3,u,3,u
S08000023,201410,396,u,360,u,35,u,1,u,0,u
S08000024,201410,1680,u,1154,u,325,u,156,u,45,u
S08000025,201410,9,u,9,u,0,u,0,u,0,u
S08000026,201410,10,u,10,u,0,u,0,u,0,u
S08000027,201410,1140,u,353,u,280,u,321,u,186,u
S08000028,201410,2,u,2,u,0,u,0,u,0,u
S92000003,201410,6232,d u,4495,d u,940,d u,552,d u,245,d u
S08000015,201409,330,u,231,u,70,u,23,u,6,u
S08000016,201409,91,u,91,u,0,u,0,u,0,u
S08000017,201409,65,u,65,u,0,u,0,u,0,u
S08000018,201409,506,u,318,u,147,u,37,u,4,u
S08000019,201409,336,u,257,u,71,u,7,u,1,u
S08000020,201409,618,u,504,u,107,u,6,u,1,u
S08000021,201409,927,u,918,u,9,u,0,u,0,u
S08000022,201409,,:,,:,,:,,:,,:
S08000023,201409,433,u,381,u,52,u,0,u,0,u
S08000024,201409,1724,u,1101,u,383,u,178,u,62,u
S08000025,201409,7,u,7,u,0,u,0,u,0,u
S08000026,201409,13,u,12,u,1,u,0,u,0,u
S08000027,201409,1089,u,337,u,310,u,305,u,137,u
S08000028,201409,7,u,7,u,0,u,0,u,0,u
S92000003,201409,6146,d u,4229,d u,1150,d u,556,d u,211,d u
S08000015,201408,400,u,247,u,106,u,40,u,7,u
S08000016,201408,72,u,72,u,0,u,0,u,0,u
S08000017,201408,47,u,47,u,0,u,0,u,0,u
S08000018,201408,481,u,302,u,142,u,37,u,0,u
S08000019,201408,296,u,209,u,73,u,14,u,0,u
S08000020,201408,651,u,517,u,121,u,10,u,3,u
S08000021,201408,908,u,900,u,8,u,0,u,0,u
S08000022,201408,,:,,:,,:,,:,,:
S08000023,201408,439,u,362,u,77,u,0,u,0,u
S08000024,201408,1565,u,964,u,382,u,170,u,49,u
S08000025,201408,3,u,3,u,0,u,0,u,0,u
S08000026,201408,11,u,11,u,0,u,0,u,0,u
S08000027,201408,1101,u,331,u,349,u,301,u,120,u
S08000028,201408,5,u,5,u,0,u,0,u,0,u
S92000003,201408,5979,d u,3970,d u,1258,d u,572,d u,179,d u
S08000015,201407,455,u,292,u,126,u,29,u,8,u
S08000016,201407,53,u,53,u,0,u,0,u,0,u
S08000017,201407,49,u,49,u,0,u,0,u,0,u
S08000018,201407,501,u,279,u,181,u,40,u,1,u
S08000019,201407,281,u,198,u,67,u,15,u,1,u
S08000020,201407,674,u,548,u,114,u,10,u,2,u
S08000021,201407,913,u,907,u,6,u,0,u,0,u
S08000022,201407,,:,,:,,:,,:,,:
S08000023,201407,441,u,363,u,78,u,0,u,0,u
S08000024,201407,,:,,:,,:,,:,,:
S08000025,201407,10,u,10,u,0,u,0,u,0,u
S08000026,201407,15,u,11,u,4,u,0,u,0,u
S08000027,201407,1057,u,329,u,358,u,303,u,67,u
S08000028,201407,4,u,4,u,0,u,0,u,0,u
S92000003,201407,4453,d u,3043,d u,934,d u,397,d u,79,d u
S08000015,201406,623,u,397,u,170,u,45,u,11,u
S08000016,201406,112,u,112,u,0,u,0,u,0,u
S08000017,201406,73,u,73,u,0,u,0,u,0,u
S08000018,201406,550,u,322,u,176,u,48,u,4,u
S08000019,201406,325,u,216,u,84,u,21,u,4,u
S08000020,201406,705,u,585,u,110,u,7,u,3,u
S08000021,201406,1023,u,1020,u,3,u,0,u,0,u
S08000022,201406,,:,,:,,:,,:,,:
S08000023,201406,717,u,617,u,100,u,0,u,0,u
S08000024,201406,,:,,:,,:,,:,,:
S08000025,201406,9,u,9,u,0,u,0,u,0,u
S08000026,201406,19,u,17,u,2,u,0,u,0,u
S08000027,201406,1104,u,383,u,381,u,273,u,67,u
S08000028,201406,1,u,1,u,0,u,0,u,0,u
S92000003,201406,5261,d u,3752,d u,1026,d u,394,d u,89,d u
S08000015,201405,741,u,411,u,194,u,117,u,19,u
S08000016,201405,114,u,114,u,0,u,0,u,0,u
S08000017,201405,85,u,85,u,0,u,0,u,0,u
S08000018,201405,583,u,366,u,156,u,56,u,5,u
S08000019,201405,316,u,217,u,75,u,24,u,0,u
S08000020,201405,751,u,633,u,105,u,9,u,4,u
S08000021,201405,982,u,982,u,0,u,0,u,0,u
S08000022,201405,,:,,:,,:,,:,,:
S08000023,201405,698,u,621,u,77,u,0,u,0,u
S08000024,201405,1569,u,1135,u,318,u,113,u,3,u
S08000025,201405,12,u,12,u,0,u,0,u,0,u
S08000026,201405,18,u,14,u,4,u,0,u,0,u
S08000027,201405,1098,u,402,u,383,u,260,u,53,u
S08000028,201405,5,u,5,u,0,u,0,u,0,u
S92000003,201405,6972,d u,4997,d u,1312,d u,579,d u,84,d u
S08000015,201404,773,u,441,u,210,u,110,u,12,u
S08000016,201404,110,u,110,u,0,u,0,u,0,u
S08000017,201404,64,u,63,u,1,u,0,u,0,u
S08000018,201404,553,u,373,u,136,u,44,u,0,u
S08000019,201404,327,u,229,u,71,u,26,u,1,u
S08000020,201404,794,u,642,u,144,u,3,u,5,u
S08000021,201404,1037,u,1037,u,0,u,0,u,0,u
S08000022,201404,,:,,:,,:,,:,,:
S08000023,201404,572,u,484,u,88,u,0,u,0,u
S08000024,201404,1537,u,1075,u,358,u,103,u,1,u
S08000025,201404,6,u,6,u,0,u,0,u,0,u
S08000026,201404,15,u,15,u,0,u,0,u,0,u
S08000027,201404,1084,u,458,u,370,u,249,u,7,u
S08000028,201404,4,u,4,u,0,u,0,u,0,u
S92000003,201404,6876,d u,4937,d u,1378,d u,535,d u,26,d u
S08000015,201403,755,u,471,u,185,u,95,u,4,u
S08000016,201403,109,u,109,u,0,u,0,u,0,u
S08000017,201403,99,u,98,u,1,u,0,u,0,u
S08000018,201403,590,u,434,u,122,u,33,u,1,u
S08000019,201403,328,u,251,u,58,u,18,u,1,u
S08000020,201403,793,u,651,u,130,u,6,u,6,u
S08000021,201403,1131,u,1130,u,1,u,0,u,0,u
S08000022,201403,,:,,:,,:,,:,,:
S08000023,201403,533,u,464,u,69,u,0,u,0,u
S08000024,201403,1587,u,1180,u,311,u,95,u,1,u
S08000025,201403,6,u,6,u,0,u,0,u,0,u
S08000026,201403,18,u,16,u,2,u,0,u,0,u
S08000027,201403,1130,u,549,u,394,u,187,u,0,u
S08000028,201403,7,u,7,u,0,u,0,u,0,u
S92000003,201403,7086,d u,5366,d u,1273,d u,434,d u,13,d u
S08000015,201402,786,u,488,u,208,u,89,u,1,u
S08000016,201402,80,u,80,u,0,u,0,u,0,u
S08000017,201402,100,u,99,u,1,u,0,u,0,u
S08000018,201402,542,u,417,u,95,u,30,u,0,u
S08000019,201402,335,u,255,u,61,u,19,u,0,u
S08000020,201402,763,u,643,u,101,u,8,u,11,u
S08000021,201402,1015,u,1015,u,0,u,0,u,0,u
S08000022,201402,228,u,210,u,16,u,2,u,0,u
S08000023,201402,560,u,526,u,34,u,0,u,0,u
S08000024,201402,1482,u,1122,u,289,u,71,u,0,u
S08000025,201402,4,u,4,u,0,u,0,u,0,u
S08000026,201402,14,u,13,u,1,u,0,u,0,u
S08000027,201402,1052,u,555,u,349,u,147,u,1,u
S08000028,201402,19,u,19,u,0,u,0,u,0,u
S92000003,201402,6980,d u,5446,d u,1155,d u,366,d u,13,d u
S08000015,201401,708,u,430,u,206,u,71,u,1,u
S08000016,201401,69,u,69,u,0,u,0,u,0,u
S08000017,201401,89,u,89,u,0,u,0,u,0,u
S08000018,201401,529,u,395,u,114,u,20,u,0,u
S08000019,201401,331,u,245,u,73,u,13,u,0,u
S08000020,201401,703,u,574,u,110,u,10,u,9,u
S08000021,201401,980,u,978,u,2,u,0,u,0,u
S08000022,201401,198,u,183,u,14,u,1,u,0,u
S08000023,201401,573,u,537,u,36,u,0,u,0,u
S08000024,201401,1434,u,1106,u,275,u,52,u,1,u
S08000025,201401,6,u,6,u,0,u,0,u,0,u
S08000026,201401,14,u,13,u,1,u,0,u,0,u
S08000027,201401,958,u,539,u,313,u,105,u,1,u
S08000028,201401,14,u,14,u,0,u,0,u,0,u
S92000003,201401,6606,d u,5178,d u,1144,d u,272,d u,12,d u
S08000015,201312,623,u,388,u,192,u,43,u,0,u
S08000016,201312,80,u,80,u,0,u,0,u,0,u
S08000017,201312,107,u,107,u,0,u,0,u,0,u
S08000018,201312,510,u,403,u,100,u,7,u,0,u
S08000019,201312,303,u,234,u,65,u,4,u,0,u
S08000020,201312,804,u,641,u,121,u,28,u,14,u
S08000021,201312,905,u,904,u,1,u,0,u,0,u
S08000022,201312,195,u,186,u,8,u,1,u,0,u
S08000023,201312,534,u,504,u,30,u,0,u,0,u
S08000024,201312,1398,u,1080,u,274,u,39,u,5,u
S08000025,201312,7,u,7,u,0,u,0,u,0,u
S08000026,201312,19,u,19,u,0,u,0,u,0,u
S08000027,201312,914,u,531,u,339,u,43,u,1,u
S08000028,201312,6,u,6,u,0,u,0,u,0,u
S92000003,201312,6405,d u,5090,d u,1130,d u,165,d u,20,d u
S08000015,201311,518,u,331,u,166,u,21,u,0,u
S08000016,201311,67,u,67,u,0,u,0,u,0,u
S08000017,201311,80,u,79,u,1,u,0,u,0,u
S08000018,201311,439,u,332,u,106,u,1,u,0,u
S08000019,201311,281,u,226,u,52,u,3,u,0,u
S08000020,201311,745,u,596,u,110,u,29,u,10,u
S08000021,201311,893,u,893,u,0,u,0,u,0,u
S08000022,201311,194,u,188,u,6,u,0,u,0,u
S08000023,201311,496,u,470,u,26,u,0,u,0,u
S08000024,201311,1268,u,975,u,248,u,43,u,2,u
S08000025,201311,10,u,10,u,0,u,0,u,0,u
S08000026,201311,17,u,17,u,0,u,0,u,0,u
S08000027,201311,883,u,536,u,294,u,38,u,15,u
S08000028,201311,9,u,9,u,0,u,0,u,0,u
S92000003,201311,5900,d u,4729,d u,1009,d u,135,d u,27,d u
S08000015,201310,446,u,286,u,152,u,8,u,0,u
S08000016,201310,80,u,80,u,0,u,0,u,0,u
S08000017,201310,61,u,61,u,0,u,0,u,0,u
S08000018,201310,440,u,349,u,91,u,0,u,0,u
S08000019,201310,264,u,208,u,56,u,0,u,0,u
S08000020,201310,701,u,529,u,130,u,32,u,10,u
S08000021,201310,922,u,921,u,1,u,0,u,0,u
S08000022,201310,201,u,196,u,5,u,0,u,0,u
S08000023,201310,466,u,434,u,32,u,0,u,0,u
S08000024,201310,1211,u,905,u,255,u,47,u,4,u
S08000025,201310,7,u,7,u,0,u,0,u,0,u
S08000026,201310,11,u,11,u,0,u,0,u,0,u
S08000027,201310,822,u,484,u,288,u,36,u,14,u
S08000028,201310,9,u,9,u,0,u,0,u,0,u
S92000003,201310,5641,d u,4480,d u,1010,d u,123,d u,28,d u
S08000015,201309,407,u,290,u,116,u,1,u,0,u
S08000016,201309,72,u,71,u,1,u,0,u,0,u
S08000017,201309,64,u,64,u,0,u,0,u,0,u
S08000018,201309,420,u,339,u,80,u,1,u,0,u
S08000019,201309,272,u,222,u,50,u,0,u,0,u
S08000020,201309,,:,,:,,:,,:,,:
S08000021,201309,967,u,967,u,0,u,0,u,0,u
S08000022,201309,190,u,183,u,7,u,0,u,0,u
S08000023,201309,430,u,409,u,21,u,0,u,0,u
S08000024,201309,1168,u,885,u,240,u,40,u,3,u
S08000025,201309,5,u,5,u,0,u,0,u,0,u
S08000026,201309,5,u,5,u,0,u,0,u,0,u
S08000027,201309,810,u,467,u,305,u,26,u,12,u
S08000028,201309,8,u,8,u,0,u,0,u,0,u
S92000003,201309,4818,d u,3915,d u,820,d u,68,d u,15,d u
S08000015,201308,349,u,269,u,78,u,2,u,0,u
S08000016,201308,61,u,60,u,1,u,0,u,0,u
S08000017,201308,59,u,59,u,0,u,0,u,0,u
S08000018,201308,346,u,298,u,47,u,1,u,0,u
S08000019,201308,265,u,234,u,31,u,0,u,0,u
S08000020,201308,,:,,:,,:,,:,,:
S08000021,201308,842,u,834,u,8,u,0,u,0,u
S08000022,201308,177,u,165,u,12,u,0,u,0,u
S08000023,201308,400,u,390,u,10,u,0,u,0,u
S08000024,201308,1095,u,853,u,207,u,32,u,3,u
S08000025,201308,2,u,2,u,0,u,0,u,0,u
S08000026,201308,4,u,3,u,1,u,0,u,0,u
S08000027,201308,783,u,505,u,252,u,17,u,9,u
S08000028,201308,8,u,8,u,0,u,0,u,0,u
S92000003,201308,4391,d u,3680,d u,647,d u,52,d u,12,d u
S08000015,201307,319,u,254,u,63,u,2,u,0,u
S08000016,201307,65,u,62,u,3,u,0,u,0,u
S08000017,201307,64,u,64,u,0,u,0,u,0,u
S08000018,201307,378,u,327,u,49,u,2,u,0,u
S08000019,201307,266,u,238,u,28,u,0,u,0,u
S08000020,201307,,:,,:,,:,,:,,:
S08000021,201307,931,u,911,u,20,u,0,u,0,u
S08000022,201307,175,u,159,u,16,u,0,u,0,u
S08000023,201307,394,u,387,u,7,u,0,u,0,u
S08000024,201307,1170,u,910,u,230,u,26,u,4,u
S08000025,201307,5,u,4,u,1,u,0,u,0,u
S08000026,201307,4,u,4,u,0,u,0,u,0,u
S08000027,201307,766,u,498,u,244,u,16,u,8,u
S08000028,201307,9,u,9,u,0,u,0,u,0,u
S92000003,201307,4546,d u,3827,d u,661,d u,46,d u,12,d u
S08000015,201306,477,u,398,u,79,u,0,u,0,u
S08000016,201306,70,u,66,u,4,u,0,u,0,u
S08000017,201306,72,u,72,u,0,u,0,u,0,u
S08000018,201306,400,u,353,u,46,u,1,u,0,u
S08000019,201306,258,u,252,u,6,u,0,u,0,u
S08000020,201306,,:,,:,,:,,:,,:
S08000021,201306,898,u,893,u,5,u,0,u,0,u
S08000022,201306,187,u,170,u,16,u,1,u,0,u
S08000023,201306,438,u,422,u,16,u,0,u,0,u
S08000024,201306,1194,u,992,u,182,u,17,u,3,u
S08000025,201306,11,u,11,u,0,u,0,u,0,u
S08000026,201306,6,u,5,u,1,u,0,u,0,u
S08000027,201306,755,u,525,u,212,u,10,u,8,u
S08000028,201306,4,u,4,u,0,u,0,u,0,u
S92000003,201306,4770,d u,4163,d u,567,d u,29,d u,11,d u
S08000015,201305,437,u,391,u,46,u,0,u,0,u
S08000016,201305,84,u,83,u,1,u,0,u,0,u
S08000017,201305,62,u,61,u,1,u,0,u,0,u
S08000018,201305,382,u,351,u,30,u,1,u,0,u
S08000019,201305,256,u,251,u,4,u,1,u,0,u
S08000020,201305,,:,,:,,:,,:,,:
S08000021,201305,887,u,887,u,0,u,0,u,0,u
S08000022,201305,200,u,165,u,35,u,0,u,0,u
S08000023,201305,409,u,405,u,4,u,0,u,0,u
S08000024,201305,1159,u,955,u,185,u,12,u,7,u
S08000025,201305,4,u,4,u,0,u,0,u,0,u
S08000026,201305,7,u,6,u,1,u,0,u,0,u
S08000027,201305,498,u,468,u,30,u,0,u,0,u
S08000028,201305,8,u,8,u,0,u,0,u,0,u
S92000003,201305,4393,d u,4035,d u,337,d u,14,d u,7,d u
S08000015,201304,407,u,370,u,37,u,0,u,0,u
S08000016,201304,92,u,87,u,5,u,0,u,0,u
S08000017,201304,69,u,69,u,0,u,0,u,0,u
S08000018,201304,363,u,303,u,58,u,2,u,0,u
S08000019,201304,250,u,238,u,12,u,0,u,0,u
S08000020,201304,,:,,:,,:,,:,,:
S08000021,201304,903,u,900,u,3,u,0,u,0,u
S08000022,201304,188,u,158,u,26,u,4,u,0,u
S08000023,201304,431,u,413,u,18,u,0,u,0,u
S08000024,201304,1136,u,908,u,203,u,22,u,3,u
S08000025,201304,7,u,7,u,0,u,0,u,0,u
S08000026,201304,6,u,4,u,2,u,0,u,0,u
S08000027,201304,473,u,424,u,49,u,0,u,0,u
S08000028,201304,7,u,7,u,0,u,0,u,0,u
S92000003,201304,4332,d u,3888,d u,413,d u,28,d u,3,d u
S08000015,201303,414,u,366,u,48,u,0,u,0,u
S08000016,201303,122,u,121,u,1,u,0,u,0,u
S08000017,201303,150,u,149,u,1,u,0,u,0,u
S08000018,201303,355,u,306,u,49,u,0,u,0,u
S08000019,201303,252,u,240,u,12,u,0,u,0,u
S08000020,201303,,:,,:,,:,,:,,:
S08000021,201303,898,u,880,u,18,u,0,u,0,u
S08000022,201303,210,u,181,u,23,u,3,u,3,u
S08000023,201303,473,u,450,u,23,u,0,u,0,u
S08000024,201303,1224,u,1064,u,141,u,19,u,0,u
S08000025,201303,10,u,10,u,0,u,0,u,0,u
S08000026,201303,8,u,7,u,1,u,0,u,0,u
S08000027,201303,461,u,440,u,21,u,0,u,0,u
S08000028,201303,7,u,7,u,0,u,0,u,0,u
S92000003,201303,4584,d u,4221,d u,338,d u,22,d u,3,d u
S08000015,201302,401,u,341,u,56,u,4,u,0,u
S08000016,201302,103,u,103,u,0,u,0,u,0,u
S08000017,201302,126,u,123,u,2,u,1,u,0,u
S08000018,201302,343,u,300,u,38,u,5,u,0,u
S08000019,201302,189,u,182,u,7,u,0,u,0,u
S08000020,201302,,:,,:,,:,,:,,:
S08000021,201302,826,u,823,u,3,u,0,u,0,u
S08000022,201302,228,u,178,u,37,u,7,u,6,u
S08000023,201302,436,u,431,u,5,u,0,u,0,u
S08000024,201302,1118,u,970,u,126,u,22,u,0,u
S08000025,201302,10,u,9,u,1,u,0,u,0,u
S08000026,201302,6,u,6,u,0,u,0,u,0,u
S08000027,201302,388,u,381,u,7,u,0,u,0,u
S08000028,201302,7,u,7,u,0,u,0,u,0,u
S92000003,201302,4181,d u,3854,d u,282,d u,39,d u,6,d u
S08000015,201301,396,u,342,u,51,u,3,u,0,u
S08000016,201301,99,u,99,u,0,u,0,u,0,u
S08000017,201301,76,u,76,u,0,u,0,u,0,u
S08000018,201301,375,u,318,u,48,u,9,u,0,u
S08000019,201301,235,u,215,u,20,u,0,u,0,u
S08000020,201301,,:,,:,,:,,:,,:
S08000021,201301,875,u,860,u,15,u,0,u,0,u
S08000022,201301,207,u,181,u,23,u,1,u,2,u
S08000023,201301,390,u,381,u,9,u,0,u,0,u
S08000024,201301,989,u,857,u,106,u,26,u,0,u
S08000025,201301,10,u,10,u,0,u,0,u,0,u
S08000026,201301,7,u,7,u,0,u,0,u,0,u
S08000027,201301,385,u,341,u,44,u,0,u,0,u
S08000028,201301,11,u,11,u,0,u,0,u,0,u
S92000003,201301,4055,d u,3698,d u,316,d u,39,d u,2,d u
S08000015,201212,360,u,294,u,66,u,0,u,0,u
S08000016,201212,71,u,71,u,0,u,0,u,0,u
S08000017,201212,74,u,73,u,1,u,0,u,0,u
S08000018,201212,397,u,336,u,59,u,2,u,0,u
S08000019,201212,213,u,199,u,13,u,1,u,0,u
S08000020,201212,,:,,:,,:,,:,,:
S08000021,201212,948,u,893,u,54,u,1,u,0,u
S08000022,201212,229,u,201,u,24,u,3,u,1,u
S08000023,201212,402,u,400,u,2,u,0,u,0,u
S08000024,201212,990,u,784,u,164,u,38,u,4,u
S08000025,201212,5,u,5,u,0,u,0,u,0,u
S08000026,201212,10,u,10,u,0,u,0,u,0,u
S08000027,201212,434,u,383,u,51,u,0,u,0,u
S08000028,201212,14,u,14,u,0,u,0,u,0,u
S92000003,201212,4147,d u,3663,d u,434,d u,45,d u,5,d u
S08000015,201211,313,u,261,u,48,u,4,u,0,u
S08000016,201211,80,u,79,u,1,u,0,u,0,u
S08000017,201211,73,u,73,u,0,u,0,u,0,u
S08000018,201211,385,u,330,u,53,u,2,u,0,u
S08000019,201211,223,u,210,u,13,u,0,u,0,u
S08000020,201211,,:,,:,,:,,:,,:
S08000021,201211,955,u,868,u,81,u,6,u,0,u
S08000022,201211,212,u,174,u,27,u,11,u,0,u
S08000023,201211,346,u,332,u,14,u,0,u,0,u
S08000024,201211,967,u,728,u,198,u,36,u,5,u
S08000025,201211,1,u,1,u,0,u,0,u,0,u
S08000026,201211,8,u,8,u,0,u,0,u,0,u
S08000027,201211,390,u,337,u,53,u,0,u,0,u
S08000028,201211,13,u,13,u,0,u,0,u,0,u
S92000003,201211,3966,d u,3414,d u,488,d u,59,d u,5,d u
S08000015,201210,286,u,228,u,58,u,0,u,0,u
S08000016,201210,70,u,70,u,0,u,0,u,0,u
S08000017,201210,65,u,65,u,0,u,0,u,0,u
S08000018,201210,375,u,316,u,55,u,2,u,2,u
S08000019,201210,189,u,182,u,7,u,0,u,0,u
S08000020,201210,,:,,:,,:,,:,,:
S08000021,201210,959,u,836,u,108,u,15,u,0,u
S08000022,201210,212,u,150,u,49,u,12,u,1,u
S08000023,201210,357,u,315,u,42,u,0,u,0,u
S08000024,201210,941,u,667,u,238,u,36,u,0,u
S08000025,201210,3,u,3,u,0,u,0,u,0,u
S08000026,201210,7,u,7,u,0,u,0,u,0,u
S08000027,201210,348,u,284,u,64,u,0,u,0,u
S08000028,201210,8,u,6,u,2,u,0,u,0,u
S92000003,201210,3820,d u,3129,d u,623,d u,65,d u,3,d u
S08000015,201209,284,u,210,u,62,u,10,u,2,u
S08000016,201209,53,u,53,u,0,u,0,u,0,u
S08000017,201209,71,u,70,u,1,u,0,u,0,u
S08000018,201209,383,u,300,u,78,u,2,u,3,u
S08000019,201209,153,u,144,u,9,u,0,u,0,u
S08000020,201209,,:,,:,,:,,:,,:
S08000021,201209,949,u,818,u,110,u,21,u,0,u
S08000022,201209,260,u,172,u,76,u,9,u,3,u
S08000023,201209,339,u,298,u,41,u,0,u,0,u
S08000024,201209,517,u,486,u,30,u,1,u,0,u
S08000025,201209,,:,,:,,:,,:,,:
S08000026,201209,7,u,7,u,0,u,0,u,0,u
S08000027,201209,342,u,302,u,39,u,1,u,0,u
S08000028,201209,11,u,10,u,1,u,0,u,0,u
S92000003,201209,3369,d u,2870,d u,447,d u,44,d u,8,d u
S08000015,201208,278,u,213,u,51,u,13,u,1,u
S08000016,201208,55,u,55,u,0,u,0,u,0,u
S08000017,201208,65,u,65,u,0,u,0,u,0,u
S08000018,201208,333,u,265,u,58,u,6,u,4,u
S08000019,201208,147,u,141,u,6,u,0,u,0,u
S08000020,201208,,:,,:,,:,,:,,:
S08000021,201208,895,u,721,u,149,u,25,u,0,u
S08000022,201208,268,u,174,u,87,u,4,u,3,u
S08000023,201208,302,u,263,u,37,u,2,u,0,u
S08000024,201208,518,u,489,u,28,u,1,u,0,u
S08000025,201208,,:,,:,,:,,:,,:
S08000026,201208,4,u,4,u,0,u,0,u,0,u
S08000027,201208,317,u,287,u,29,u,1,u,0,u
S08000028,201208,14,u,14,u,0,u,0,u,0,u
S92000003,201208,3196,d u,2691,d u,445,d u,52,d u,8,d u
S08000015,201207,259,u,178,u,70,u,10,u,1,u
S08000016,201207,51,u,51,u,0,u,0,u,0,u
S08000017,201207,81,u,81,u,0,u,0,u,0,u
S08000018,201207,357,u,283,u,64,u,7,u,3,u
S08000019,201207,176,u,166,u,10,u,0,u,0,u
S08000020,201207,,:,,:,,:,,:,,:
S08000021,201207,949,u,747,u,176,u,26,u,0,u
S08000022,201207,248,u,153,u,79,u,13,u,3,u
S08000023,201207,347,u,302,u,42,u,3,u,0,u
S08000024,201207,888,u,668,u,215,u,5,u,0,u
S08000025,201207,,:,,:,,:,,:,,:
S08000026,201207,3,u,3,u,0,u,0,u,0,u
S08000027,201207,269,u,255,u,13,u,1,u,0,u
S08000028,201207,10,u,9,u,1,u,0,u,0,u
S92000003,201207,3638,d u,2896,d u,670,d u,65,d u,7,d u
