HB,Month,ReferralsAccepted,ReferralsAcceptedQF,ReferralsReceived,ReferralsReceivedQF
S08000015,202503,97,,167,
S08000016,202503,23,,31,
S08000017,202503,183,,198,
S08000019,202503,109,,175,
S08000020,202503,323,,394,
S08000022,202503,83,,128,
S08000024,202503,481,,632,
S08000025,202503,8,,13,
S08000026,202503,10,,12,
S08000028,202503,9,,9,
S08000029,202503,150,,243,
S08000030,202503,117,,203,
S08000031,202503,348,,627,
S08000032,202503,271,,359,
S92000003,202503,2212,d,3191,d
S08000015,202502,127,,208,
S08000016,202502,16,,20,
S08000017,202502,159,,176,
S08000019,202502,92,,147,
S08000020,202502,276,,333,
S08000022,202502,92,,128,
S08000024,202502,470,,562,
S08000025,202502,19,,22,
S08000026,202502,11,,15,
S08000028,202502,12,,12,
S08000029,202502,144,,233,
S08000030,202502,104,,199,
S08000031,202502,304,,557,
S08000032,202502,200,,324,
S92000003,202502,2026,d,2936,d
S08000015,202501,115,,188,
S08000016,202501,20,,24,
S08000017,202501,134,,146,
S08000019,202501,52,,73,
S08000020,202501,284,,351,
S08000022,202501,119,,145,
S08000024,202501,506,,610,
S08000025,202501,17,,19,
S08000026,202501,14,,16,
S08000028,202501,10,,10,
S08000029,202501,127,,197,
S08000030,202501,91,,174,
S08000031,202501,348,,528,
S08000032,202501,186,,287,
S92000003,202501,2023,d,2768,d
S08000015,202412,82,,165,
S08000016,202412,20,,26,
S08000017,202412,106,,116,
S08000019,202412,68,,118,
S08000020,202412,245,,293,
S08000022,202412,96,,124,
S08000024,202412,488,,575,
S08000025,202412,10,,12,
S08000026,202412,12,,14,
S08000028,202412,10,,10,
S08000029,202412,106,,182,
S08000030,202412,99,r,160,r
S08000031,202412,328,,488,
S08000032,202412,178,,256,
S92000003,202412,1848,d r,2539,d r
S08000015,202411,126,,195,
S08000016,202411,27,,31,
S08000017,202411,151,,162,
S08000019,202411,71,,128,
S08000020,202411,293,,375,
S08000022,202411,127,,169,
S08000024,202411,570,,719,
S08000025,202411,12,,13,
S08000026,202411,13,,15,
S08000028,202411,14,,14,
S08000029,202411,133,,229,
S08000030,202411,81,r,181,r
S08000031,202411,437,,722,
S08000032,202411,236,,355,
S92000003,202411,2291,d r,3308,d r
S08000015,202410,113,,171,
S08000016,202410,19,,21,
S08000017,202410,149,,167,
S08000019,202410,102,,132,
S08000020,202410,277,,337,
S08000022,202410,95,,118,
S08000024,202410,619,,764,
S08000025,202410,7,,10,
S08000026,202410,9,,10,
S08000028,202410,11,,11,
S08000029,202410,115,,183,
S08000030,202410,94,r,153,r
S08000031,202410,393,,651,
S08000032,202410,189,,323,
S92000003,202410,2192,d r,3051,d r
S08000015,202409,125,,192,
S08000016,202409,17,,24,
S08000017,202409,156,,175,
S08000019,202409,66,,112,
S08000020,202409,266,,313,
S08000022,202409,115,,148,
S08000024,202409,614,,709,
S08000025,202409,4,,8,
S08000026,202409,12,,13,
S08000028,202409,15,,15,
S08000029,202409,125,,200,
S08000030,202409,109,r,209,r
S08000031,202409,400,,616,
S08000032,202409,179,,291,
S92000003,202409,2203,d r,3025,d r
S08000015,202408,74,,131,
S08000016,202408,22,,38,
S08000017,202408,89,,107,
S08000019,202408,79,,115,
S08000020,202408,199,,246,
S08000022,202408,98,,120,
S08000024,202408,514,,589,
S08000025,202408,6,,6,
S08000026,202408,12,,12,
S08000028,202408,5,,5,
S08000029,202408,120,,200,
S08000030,202408,68,r,145,r
S08000031,202408,325,,511,
S08000032,202408,172,,233,
S92000003,202408,1783,d r,2458,d r
S08000015,202407,66,,112,
S08000016,202407,9,,28,
S08000017,202407,82,,98,
S08000019,202407,57,,100,
S08000020,202407,187,,217,
S08000022,202407,91,,110,
S08000024,202407,431,,492,
S08000025,202407,6,,10,
S08000026,202407,8,,8,
S08000028,202407,5,,5,
S08000029,202407,87,,145,
S08000030,202407,77,r,119,
S08000031,202407,198,,332,
S08000032,202407,104,,161,
S92000003,202407,1408,d r,1937,d
S08000015,202406,112,,180,
S08000016,202406,16,,37,
S08000017,202406,102,,136,
S08000019,202406,112,,160,
S08000020,202406,237,,318,
S08000022,202406,112,,138,
S08000024,202406,636,,732,
S08000025,202406,9,,13,
S08000026,202406,5,,5,
S08000028,202406,9,,9,
S08000029,202406,140,,202,
S08000030,202406,105,r,165,r
S08000031,202406,375,,561,
S08000032,202406,176,,227,
S92000003,202406,2146,d r,2883,d r
S08000015,202405,110,,182,
S08000016,202405,12,,50,
S08000017,202405,104,,144,
S08000019,202405,134,,185,
S08000020,202405,261,,347,
S08000022,202405,135,,166,
S08000024,202405,608,,695,
S08000025,202405,7,,11,
S08000026,202405,13,,16,
S08000028,202405,10,,10,
S08000029,202405,175,,259,
S08000030,202405,107,r,195,r
S08000031,202405,418,,615,
S08000032,202405,220,,278,
S92000003,202405,2314,d r,3153,d r
S08000015,202404,93,,140,
S08000016,202404,12,,42,
S08000017,202404,117,,151,
S08000019,202404,91,,130,
S08000020,202404,238,,289,
S08000022,202404,100,,128,
S08000024,202404,496,,581,
S08000025,202404,8,,10,
S08000026,202404,6,,8,
S08000028,202404,10,,10,
S08000029,202404,122,,184,
S08000030,202404,87,r,168,r
S08000031,202404,333,,527,
S08000032,202404,148,,222,
S92000003,202404,1861,d r,2590,d r
S08000015,202403,131,,202,
S08000016,202403,22,,59,
S08000017,202403,95,,129,
S08000019,202403,114,,161,
S08000020,202403,310,,390,
S08000022,202403,107,,145,
S08000024,202403,595,,689,
S08000025,202403,5,,8,
S08000026,202403,11,,12,
S08000028,202403,15,,15,
S08000029,202403,173,,250,
S08000030,202403,102,r,191,r
S08000031,202403,532,,750,
S08000032,202403,218,,320,
S92000003,202403,2430,d r,3321,d r
S08000015,202402,122,,175,
S08000016,202402,10,,43,
S08000017,202402,153,,189,
S08000019,202402,106,,148,
S08000020,202402,317,,380,
S08000022,202402,104,,130,
S08000024,202402,558,,653,
S08000025,202402,11,,13,
S08000026,202402,11,,15,
S08000028,202402,13,,13,
S08000029,202402,159,,259,
S08000030,202402,122,r,195,r
S08000031,202402,426,,634,
S08000032,202402,238,,339,
S92000003,202402,2350,d r,3186,d r
S08000015,202401,108,,165,
S08000016,202401,13,,41,
S08000017,202401,95,,129,
S08000019,202401,98,,137,
S08000020,202401,241,,308,
S08000022,202401,95,,121,
S08000024,202401,599,,687,
S08000025,202401,11,,13,
S08000026,202401,3,,3,
S08000028,202401,6,,6,
S08000029,202401,157,,241,
S08000030,202401,118,r,179,r
S08000031,202401,376,,587,
S08000032,202401,221,,276,
S92000003,202401,2141,d r,2893,d r
S08000015,202312,96,,134,
S08000016,202312,17,,44,
S08000017,202312,87,,122,
S08000019,202312,66,,113,
S08000020,202312,245,,310,
S08000022,202312,86,,121,
S08000024,202312,580,,669,
S08000025,202312,6,,9,
S08000026,202312,6,,9,
S08000028,202312,7,,7,
S08000029,202312,128,,187,
S08000030,202312,83,r,139,r
S08000031,202312,349,,561,
S08000032,202312,165,,234,
S92000003,202312,1921,d r,2659,d r
S08000015,202311,123,,186,
S08000016,202311,23,,56,
S08000017,202311,124,,173,
S08000019,202311,90,,167,
S08000020,202311,299,,369,
S08000022,202311,125,,157,
S08000024,202311,709,,803,
S08000025,202311,8,,11,
S08000026,202311,8,,10,
S08000028,202311,12,,12,
S08000029,202311,207,,289,
S08000030,202311,122,r,209,r
S08000031,202311,511,,793,
S08000032,202311,342,,385,
S92000003,202311,2703,d r,3620,d r
S08000015,202310,112,,168,
S08000016,202310,48,,77,
S08000017,202310,83,,115,
S08000019,202310,83,,130,
S08000020,202310,246,,336,
S08000022,202310,109,,134,
S08000024,202310,656,,791,
S08000025,202310,10,,11,
S08000026,202310,12,,14,
S08000028,202310,9,,9,
S08000029,202310,142,,205,
S08000030,202310,103,r,158,r
S08000031,202310,462,,734,
S08000032,202310,355,,356,
S92000003,202310,2430,d r,3238,d r
S08000015,202309,122,,213,
S08000016,202309,32,,66,
S08000017,202309,126,,160,
S08000019,202309,85,,140,
S08000020,202309,259,,339,
S08000022,202309,113,,129,
S08000024,202309,640,,742,
S08000025,202309,15,,21,
S08000026,202309,2,,6,
S08000028,202309,9,,9,
S08000029,202309,196,,281,
S08000030,202309,100,,192,r
S08000031,202309,449,,737,
S08000032,202309,288,,288,
S92000003,202309,2436,d,3323,d r
S08000015,202308,108,,158,
S08000016,202308,50,,72,
S08000017,202308,69,,95,
S08000019,202308,92,,147,
S08000020,202308,175,,238,
S08000022,202308,110,,135,
S08000024,202308,445,,519,
S08000025,202308,15,,18,
S08000026,202308,9,,10,
S08000028,202308,12,,12,
S08000029,202308,130,,226,
S08000030,202308,103,r,174,r
S08000031,202308,501,,674,
S08000032,202308,264,,265,
S92000003,202308,2083,d r,2743,d r
S08000015,202307,107,,126,
S08000016,202307,17,,40,
S08000017,202307,73,,98,
S08000019,202307,75,,129,
S08000020,202307,182,,252,
S08000022,202307,66,,91,
S08000024,202307,406,,444,
S08000025,202307,9,,11,
S08000026,202307,4,,5,
S08000028,202307,3,,3,
S08000029,202307,99,,159,
S08000030,202307,59,r,111,r
S08000031,202307,328,,483,
S08000032,202307,170,,173,
S92000003,202307,1598,d r,2125,d r
S08000015,202306,337,,363,
S08000016,202306,56,,109,
S08000017,202306,114,,145,
S08000019,202306,96,,213,
S08000020,202306,252,,354,
S08000022,202306,99,,115,
S08000024,202306,653,,735,
S08000025,202306,5,,12,
S08000026,202306,9,,12,
S08000028,202306,12,,12,
S08000029,202306,163,,233,
S08000030,202306,111,r,206,
S08000031,202306,461,,718,
S08000032,202306,274,,288,
S92000003,202306,2642,d r,3515,d
S08000015,202305,282,,308,
S08000016,202305,43,,70,
S08000017,202305,126,,149,
S08000019,202305,119,,221,
S08000020,202305,223,,325,
S08000022,202305,107,,153,
S08000024,202305,581,,715,
S08000025,202305,6,,16,
S08000026,202305,10,,14,
S08000028,202305,12,,12,
S08000029,202305,188,,256,
S08000030,202305,118,r,204,r
S08000031,202305,500,,712,
S08000032,202305,294,,308,
S92000003,202305,2609,d r,3463,d r
S08000015,202304,154,,172,
S08000016,202304,25,,58,
S08000017,202304,78,,112,
S08000019,202304,84,,144,
S08000020,202304,166,,261,
S08000022,202304,107,,132,
S08000024,202304,429,,512,
S08000025,202304,6,,9,
S08000026,202304,12,,12,
S08000028,202304,9,,9,
S08000029,202304,136,,187,
S08000030,202304,80,r,137,r
S08000031,202304,415,,565,
S08000032,202304,204,,215,
S92000003,202304,1905,d r,2525,d r
S08000015,202303,360,,401,
S08000016,202303,49,,72,
S08000017,202303,168,,201,
S08000019,202303,96,,206,
S08000020,202303,313,,421,
S08000022,202303,128,,161,
S08000024,202303,611,,730,
S08000025,202303,6,,6,
S08000026,202303,11,,14,
S08000028,202303,11,,11,
S08000029,202303,213,,319,
S08000030,202303,147,r,241,r
S08000031,202303,676,,929,
S08000032,202303,293,,340,
S92000003,202303,3082,d r,4052,d r
S08000015,202302,274,,297,
S08000016,202302,57,,85,
S08000017,202302,134,,175,
S08000019,202302,118,,166,
S08000020,202302,227,,272,
S08000022,202302,122,,145,
S08000024,202302,491,,611,
S08000025,202302,12,,16,
S08000026,202302,8,,13,
S08000028,202302,17,,17,
S08000029,202302,161,,237,
S08000030,202302,115,r,194,r
S08000031,202302,624,,853,
S08000032,202302,289,,322,
S92000003,202302,2649,d r,3403,d r
S08000015,202301,185,,203,
S08000016,202301,41,,67,
S08000017,202301,5,,50,
S08000019,202301,76,,143,
S08000020,202301,232,,284,
S08000022,202301,122,,142,
S08000024,202301,517,,628,
S08000025,202301,11,,13,
S08000026,202301,8,,9,
S08000028,202301,10,,10,
S08000029,202301,192,,290,
S08000030,202301,127,r,189,r
S08000031,202301,482,,719,
S08000032,202301,285,,318,
S92000003,202301,2293,d r,3065,d r
S08000015,202212,226,,244,
S08000016,202212,56,,79,
S08000017,202212,98,,126,
S08000019,202212,97,,133,
S08000020,202212,248,,317,
S08000022,202212,94,,131,
S08000024,202212,480,,603,
S08000025,202212,14,,14,
S08000026,202212,8,,10,
S08000028,202212,9,,9,
S08000029,202212,174,,233,
S08000030,202212,122,r,163,r
S08000031,202212,401,,596,
S08000032,202212,219,,274,
S92000003,202212,2246,d r,2932,d r
S08000015,202211,306,,346,
S08000016,202211,73,,104,
S08000017,202211,149,,180,
S08000019,202211,106,,176,
S08000020,202211,280,,335,
S08000022,202211,130,,162,
S08000024,202211,685,,851,
S08000025,202211,11,,11,
S08000026,202211,22,,27,
S08000028,202211,14,,14,
S08000029,202211,221,,276,
S08000030,202211,160,r,226,r
S08000031,202211,652,,925,
S08000032,202211,354,,410,
S92000003,202211,3163,d r,4043,d r
S08000015,202210,233,,256,
S08000016,202210,55,,79,
S08000017,202210,107,,129,
S08000019,202210,53,,104,
S08000020,202210,225,,267,
S08000022,202210,110,,129,
S08000024,202210,597,,732,
S08000025,202210,15,,15,
S08000026,202210,7,,8,
S08000028,202210,18,,18,
S08000029,202210,168,,214,
S08000030,202210,128,r,172,r
S08000031,202210,490,,758,
S08000032,202210,247,,336,
S92000003,202210,2453,d r,3217,d r
S08000015,202209,207,,238,
S08000016,202209,62,,77,
S08000017,202209,156,,183,
S08000019,202209,82,,126,
S08000020,202209,279,,348,
S08000022,202209,119,,144,
S08000024,202209,580,,737,
S08000025,202209,11,,11,
S08000026,202209,11,,12,
S08000028,202209,13,,13,
S08000029,202209,221,,278,
S08000030,202209,169,r,257,r
S08000031,202209,597,,871,
S08000032,202209,281,,332,
S92000003,202209,2788,d r,3627,d r
S08000015,202208,172,,186,
S08000016,202208,39,,56,
S08000017,202208,70,,96,
S08000019,202208,58,,92,
S08000020,202208,203,,236,
S08000022,202208,112,,139,
S08000024,202208,424,,553,
S08000025,202208,18,,18,
S08000026,202208,5,,6,
S08000028,202208,13,,13,
S08000029,202208,163,,211,
S08000030,202208,130,r,187,r
S08000031,202208,586,,773,
S08000032,202208,188,,258,
S92000003,202208,2181,d r,2824,d r
S08000015,202207,85,,100,
S08000016,202207,46,,59,
S08000017,202207,76,,95,
S08000019,202207,46,,79,
S08000020,202207,262,,309,
S08000022,202207,77,,86,
S08000024,202207,347,,413,
S08000025,202207,11,,11,
S08000026,202207,7,,8,
S08000028,202207,7,,7,
S08000029,202207,114,,143,
S08000030,202207,47,r,91,r
S08000031,202207,381,,509,
S08000032,202207,113,,178,
S92000003,202207,1619,d r,2088,d r
S08000015,202206,252,,276,
S08000016,202206,58,,74,
S08000017,202206,98,,127,
S08000019,202206,112,,175,
S08000020,202206,239,,339,
S08000022,202206,120,,149,
S08000024,202206,612,,749,
S08000025,202206,12,,12,
S08000026,202206,17,,17,
S08000028,202206,8,,8,
S08000029,202206,181,,219,
S08000030,202206,145,r,196,r
S08000031,202206,575,,800,
S08000032,202206,220,,279,
S92000003,202206,2649,d r,3420,d r
S08000015,202205,187,,207,
S08000016,202205,51,,80,
S08000017,202205,109,,132,
S08000019,202205,86,,118,
S08000020,202205,128,,259,
S08000022,202205,118,,150,
S08000024,202205,504,,642,
S08000025,202205,12,,12,
S08000026,202205,15,,16,
S08000028,202205,19,,19,
S08000029,202205,207,,260,
S08000030,202205,162,r,217,r
S08000031,202205,514,,739,
S08000032,202205,261,,318,
S92000003,202205,2373,d r,3169,d r
S08000015,202204,156,,166,
S08000016,202204,40,,64,
S08000017,202204,59,,78,
S08000019,202204,62,,78,
S08000020,202204,207,,304,
S08000022,202204,104,,127,
S08000024,202204,434,,553,
S08000025,202204,10,,10,
S08000026,202204,4,,5,
S08000028,202204,12,,12,
S08000029,202204,142,,180,
S08000030,202204,108,r,156,r
S08000031,202204,448,,604,
S08000032,202204,187,,230,
S92000003,202204,1973,d r,2567,d r
S08000015,202203,207,,231,
S08000016,202203,66,,90,
S08000017,202203,130,,179,
S08000019,202203,74,,127,
S08000020,202203,292,,453,
S08000022,202203,127,,156,
S08000024,202203,569,,724,
S08000025,202203,18,,18,
S08000026,202203,7,,10,
S08000028,202203,16,,16,
S08000029,202203,258,,317,
S08000030,202203,188,,241,
S08000031,202203,610,,845,
S08000032,202203,292,,364,
S92000003,202203,2854,d,3771,d
S08000015,202202,173,,202,
S08000016,202202,27,,44,
S08000017,202202,115,,141,
S08000019,202202,75,,150,
S08000020,202202,146,,223,
S08000022,202202,130,,169,
S08000024,202202,541,,691,
S08000025,202202,14,,14,
S08000026,202202,12,,14,
S08000028,202202,15,,15,
S08000029,202202,232,,275,
S08000030,202202,138,,195,
S08000031,202202,591,,757,
S08000032,202202,253,,324,
S92000003,202202,2462,d,3214,d
S08000015,202201,153,,168,
S08000016,202201,38,,54,
S08000017,202201,90,,125,
S08000019,202201,42,,95,
S08000020,202201,266,,348,
S08000022,202201,118,,136,
S08000024,202201,498,,632,
S08000025,202201,10,,10,
S08000026,202201,16,,19,
S08000028,202201,14,,14,
S08000029,202201,256,,304,
S08000030,202201,121,,152,
S08000031,202201,571,,729,
S08000032,202201,213,,272,
S92000003,202201,2406,d,3058,d
S08000015,202112,207,,222,
S08000016,202112,62,,88,
S08000017,202112,87,,121,
S08000019,202112,53,,114,
S08000020,202112,278,,350,
S08000022,202112,130,,154,
S08000024,202112,506,,639,
S08000025,202112,,:,,:
S08000026,202112,10,,14,
S08000028,202112,13,,13,
S08000029,202112,216,,245,
S08000030,202112,134,,176,
S08000031,202112,552,,697,
S08000032,202112,193,,323,
S92000003,202112,2441,d,3156,d
S08000015,202111,196,,219,
S08000016,202111,49,,68,
S08000017,202111,100,,145,
S08000019,202111,62,,157,
S08000020,202111,278,,331,
S08000022,202111,186,,214,
S08000024,202111,592,,731,
S08000025,202111,,:,,:
S08000026,202111,13,,18,
S08000028,202111,17,,17,
S08000029,202111,320,,359,
S08000030,202111,117,,159,
S08000031,202111,684,,921,
S08000032,202111,258,,402,
S92000003,202111,2872,d,3741,d
S08000015,202110,154,,185,
S08000016,202110,51,,66,
S08000017,202110,61,,109,
S08000019,202110,47,,147,
S08000020,202110,267,,329,
S08000022,202110,95,,118,
S08000024,202110,519,,633,
S08000025,202110,,:,,:
S08000026,202110,8,,12,
S08000028,202110,11,,11,
S08000029,202110,205,,238,
S08000030,202110,143,,199,
S08000031,202110,567,,747,
S08000032,202110,260,,330,
S92000003,202110,2388,d,3124,d
S08000015,202109,159,,179,
S08000016,202109,36,,72,
S08000017,202109,88,,131,
S08000019,202109,44,,169,
S08000020,202109,277,,336,
S08000022,202109,149,,200,
S08000024,202109,390,,490,
S08000025,202109,,:,,:
S08000026,202109,14,,16,
S08000028,202109,11,,11,
S08000029,202109,262,,305,
S08000030,202109,177,,245,
S08000031,202109,523,,720,
S08000032,202109,216,,315,
S92000003,202109,2346,d,3189,d
S08000015,202108,118,,152,
S08000016,202108,37,,49,
S08000017,202108,53,,89,
S08000019,202108,27,,87,
S08000020,202108,193,,263,
S08000022,202108,90,,126,
S08000024,202108,390,,490,
S08000025,202108,,:,,:
S08000026,202108,9,,11,
S08000028,202108,16,,16,
S08000029,202108,191,,230,
S08000030,202108,110,,165,
S08000031,202108,448,,596,
S08000032,202108,182,,245,
S92000003,202108,1864,d,2519,d
S08000015,202107,105,,129,
S08000016,202107,30,,41,
S08000017,202107,45,,68,
S08000019,202107,44,,116,
S08000020,202107,129,,223,
S08000022,202107,116,,137,
S08000024,202107,360,,435,
S08000025,202107,,:,,:
S08000026,202107,8,,10,
S08000028,202107,6,,6,
S08000029,202107,155,,185,
S08000030,202107,83,,117,
S08000031,202107,339,,468,
S08000032,202107,120,,239,
S92000003,202107,1540,d,2174,d
S08000015,202106,224,,254,
S08000016,202106,60,,74,
S08000017,202106,83,,115,
S08000019,202106,66,,195,
S08000020,202106,286,,378,
S08000022,202106,135,,174,
S08000024,202106,605,,711,
S08000025,202106,,:,,:
S08000026,202106,6,,8,
S08000028,202106,15,,15,
S08000029,202106,263,,305,
S08000030,202106,142,,192,
S08000031,202106,622,,803,
S08000032,202106,272,,380,
S92000003,202106,2779,d,3604,d
S08000015,202105,172,,197,
S08000016,202105,50,,65,
S08000017,202105,69,,127,
S08000019,202105,128,,199,
S08000020,202105,317,,404,
S08000022,202105,177,,208,
S08000024,202105,550,,666,
S08000025,202105,,:,,:
S08000026,202105,11,,15,
S08000028,202105,17,,17,
S08000029,202105,256,,305,
S08000030,202105,162,,208,
S08000031,202105,606,,800,
S08000032,202105,302,,427,
S92000003,202105,2817,d,3638,d
S08000015,202104,126,,148,
S08000016,202104,37,,47,
S08000017,202104,71,,115,
S08000019,202104,117,,157,
S08000020,202104,256,,325,
S08000022,202104,114,,130,
S08000024,202104,523,,634,
S08000025,202104,,:,,:
S08000026,202104,7,,9,
S08000028,202104,19,,19,
S08000029,202104,253,,304,
S08000030,202104,117,,159,
S08000031,202104,506,,622,
S08000032,202104,188,,282,
S92000003,202104,2334,d,2951,d
S08000015,202103,167,,200,
S08000016,202103,41,,58,
S08000017,202103,64,,89,
S08000019,202103,98,,139,
S08000020,202103,229,,312,
S08000022,202103,118,,141,
S08000024,202103,465,,591,
S08000025,202103,9,,9,
S08000026,202103,6,,7,
S08000028,202103,14,,14,
S08000029,202103,244,,293,
S08000030,202103,165,,207,
S08000031,202103,696,,830,
S08000032,202103,287,,390,
S92000003,202103,2603,d,3280,d
S08000015,202102,111,,128,
S08000016,202102,23,,33,
S08000017,202102,64,,89,
S08000019,202102,63,,96,
S08000020,202102,195,,266,
S08000022,202102,100,,114,
S08000024,202102,440,,531,
S08000025,202102,7,,7,
S08000026,202102,3,,8,
S08000028,202102,15,,15,
S08000029,202102,167,,215,
S08000030,202102,95,,130,
S08000031,202102,503,,614,
S08000032,202102,185,,263,
S92000003,202102,1971,d,2509,d
S08000015,202101,88,,118,
S08000016,202101,24,,35,
S08000017,202101,47,,63,
S08000019,202101,43,,73,
S08000020,202101,168,,221,
S08000022,202101,106,,122,
S08000024,202101,360,,438,
S08000025,202101,2,,3,
S08000026,202101,3,,6,
S08000028,202101,10,,10,
S08000029,202101,159,,194,
S08000030,202101,89,,119,
S08000031,202101,382,,481,
S08000032,202101,127,,230,
S92000003,202101,1608,d,2113,d
S08000015,202012,129,,166,
S08000016,202012,31,,45,
S08000017,202012,75,,111,
S08000019,202012,56,,122,
S08000020,202012,262,,352,
S08000022,202012,134,,165,
S08000024,202012,402,,524,
S08000025,202012,7,,8,
S08000026,202012,4,,11,
S08000028,202012,9,,9,
S08000029,202012,243,,298,
S08000030,202012,124,,201,
S08000031,202012,535,,667,
S08000032,202012,202,,357,
S92000003,202012,2213,d,3036,d
S08000015,202011,168,,194,
S08000016,202011,35,,66,
S08000017,202011,133,,165,
S08000019,202011,60,,128,
S08000020,202011,282,,373,
S08000022,202011,152,,178,
S08000024,202011,480,,610,
S08000025,202011,14,,14,
S08000026,202011,7,,14,
S08000028,202011,17,,17,
S08000029,202011,306,,351,
S08000030,202011,146,,248,
S08000031,202011,618,,768,
S08000032,202011,257,,385,
S92000003,202011,2675,d,3511,d
S08000015,202010,136,,176,
S08000016,202010,32,,46,
S08000017,202010,83,,116,
S08000019,202010,83,,124,
S08000020,202010,220,,302,
S08000022,202010,132,,156,
S08000024,202010,456,,561,
S08000025,202010,6,,7,
S08000026,202010,13,,14,
S08000028,202010,9,,9,
S08000029,202010,247,,284,
S08000030,202010,114,,167,
S08000031,202010,549,,675,
S08000032,202010,201,,302,
S92000003,202010,2281,d,2939,d
S08000015,202009,145,,200,
S08000016,202009,41,,55,
S08000017,202009,136,,160,
S08000019,202009,83,,131,
S08000020,202009,270,,355,
S08000022,202009,173,,192,
S08000024,202009,418,,513,
S08000025,202009,5,,6,
S08000026,202009,14,,21,
S08000028,202009,26,,26,
S08000029,202009,273,,344,
S08000030,202009,152,,210,
S08000031,202009,623,,742,
S08000032,202009,217,,382,
S92000003,202009,2576,d,3337,d
S08000015,202008,102,,153,
S08000016,202008,38,,50,
S08000017,202008,87,,99,
S08000019,202008,33,,74,
S08000020,202008,174,,222,
S08000022,202008,101,,125,
S08000024,202008,317,,385,
S08000025,202008,5,,6,
S08000026,202008,14,,16,
S08000028,202008,11,,11,
S08000029,202008,194,,248,
S08000030,202008,101,,147,
S08000031,202008,458,,540,
S08000032,202008,178,,259,
S92000003,202008,1813,d,2335,d
S08000015,202007,87,,110,
S08000016,202007,16,,29,
S08000017,202007,67,,80,
S08000019,202007,41,,78,
S08000020,202007,159,,207,
S08000022,202007,95,,114,
S08000024,202007,277,,328,
S08000025,202007,3,,3,
S08000026,202007,13,,13,
S08000028,202007,7,,7,
S08000029,202007,138,,165,
S08000030,202007,70,,124,
S08000031,202007,250,,316,
S08000032,202007,135,,209,
S92000003,202007,1358,d,1783,d
S08000015,202006,75,,104,
S08000016,202006,34,,40,
S08000017,202006,54,,62,
S08000019,202006,49,,76,
S08000020,202006,169,,216,
S08000022,202006,77,,95,
S08000024,202006,291,,348,
S08000025,202006,7,,7,
S08000026,202006,4,,7,
S08000028,202006,8,,8,
S08000029,202006,145,,177,
S08000030,202006,83,,135,
S08000031,202006,377,,423,
S08000032,202006,116,,187,
S92000003,202006,1489,d,1885,d
S08000015,202005,54,,73,
S08000016,202005,16,,25,
S08000017,202005,28,,38,
S08000019,202005,18,,40,
S08000020,202005,93,,120,
S08000022,202005,74,,79,
S08000024,202005,244,,283,
S08000025,202005,4,,5,
S08000026,202005,4,,8,
S08000028,202005,5,,5,
S08000029,202005,78,,112,
S08000030,202005,59,,101,
S08000031,202005,279,,305,
S08000032,202005,63,,134,
S92000003,202005,1019,d,1328,d
S08000015,202004,36,,57,
S08000016,202004,9,,20,
S08000017,202004,23,,27,
S08000019,202004,40,,53,
S08000020,202004,12,,16,
S08000022,202004,59,,62,
S08000024,202004,171,,194,
S08000025,202004,2,,2,
S08000026,202004,3,,4,
S08000028,202004,3,,3,
S08000029,202004,42,,64,
S08000030,202004,35,,58,
S08000031,202004,164,,186,
S08000032,202004,14,,95,
S92000003,202004,613,d,841,d
S08000015,202003,103,,154,
S08000016,202003,32,,50,
S08000017,202003,72,,118,
S08000019,202003,98,,133,
S08000020,202003,95,,127,
S08000022,202003,129,,129,
S08000024,202003,380,,491,
S08000025,202003,8,,8,
S08000026,202003,4,,7,
S08000028,202003,10,,10,
S08000029,202003,229,,305,
S08000030,202003,124,,205,
S08000031,202003,524,,629,
S08000032,202003,217,,345,
S92000003,202003,2025,d,2711,d
S08000015,202002,131,,191,
S08000016,202002,58,,78,
S08000017,202002,104,,143,
S08000019,202002,101,,139,
S08000020,202002,168,,216,
S08000022,202002,126,,147,
S08000024,202002,480,,615,
S08000025,202002,9,,9,
S08000026,202002,12,,16,
S08000028,202002,9,,9,
S08000029,202002,324,,387,
S08000030,202002,148,,216,
S08000031,202002,700,,769,
S08000032,202002,269,,395,
S92000003,202002,2639,d,3330,d
S08000015,202001,116,,180,
S08000016,202001,42,,52,
S08000017,202001,91,,121,
S08000019,202001,125,,161,
S08000020,202001,232,,300,
S08000022,202001,153,,180,
S08000024,202001,417,,553,
S08000025,202001,10,,11,
S08000026,202001,8,,11,
S08000028,202001,13,,13,
S08000029,202001,294,,340,
S08000030,202001,141,,208,
S08000031,202001,647,,720,
S08000032,202001,269,,369,
S92000003,202001,2558,d,3219,d
S08000015,201912,93,,178,
S08000016,201912,41,,58,
S08000017,201912,88,,115,
S08000019,201912,117,,149,
S08000020,201912,204,,265,
S08000022,201912,134,,161,
S08000024,201912,372,,466,
S08000025,201912,3,,3,
S08000026,201912,10,,14,
S08000028,201912,11,,13,
S08000029,201912,236,,282,
S08000030,201912,96,,164,
S08000031,201912,562,,640,
S08000032,201912,220,,339,
S92000003,201912,2187,d,2847,d
S08000015,201911,108,,234,
S08000016,201911,38,,52,
S08000017,201911,117,,149,
S08000019,201911,153,,186,
S08000020,201911,247,,311,
S08000022,201911,142,,174,
S08000024,201911,441,,586,
S08000025,201911,1,,1,
S08000026,201911,9,,11,
S08000028,201911,15,,16,
S08000029,201911,275,,310,
S08000030,201911,128,,211,
S08000031,201911,720,,802,
S08000032,201911,284,,370,
S92000003,201911,2678,d,3413,d
S08000015,201910,137,,210,
S08000016,201910,50,,66,
S08000017,201910,111,,137,
S08000019,201910,130,,164,
S08000020,201910,183,,239,
S08000022,201910,166,,201,
S08000024,201910,434,,576,
S08000025,201910,10,,10,
S08000026,201910,8,,13,
S08000028,201910,10,,10,
S08000029,201910,269,,302,
S08000030,201910,84,,152,
S08000031,201910,655,,731,
S08000032,201910,265,,408,
S92000003,201910,2512,d,3219,d
S08000015,201909,115,,179,
S08000016,201909,50,,72,
S08000017,201909,101,,128,
S08000019,201909,88,,114,
S08000020,201909,207,,255,
S08000022,201909,152,,195,
S08000024,201909,337,,452,
S08000025,201909,8,,8,
S08000026,201909,11,,13,
S08000028,201909,16,,17,
S08000029,201909,328,,351,
S08000030,201909,136,,208,
S08000031,201909,677,,742,
S08000032,201909,275,,412,
S92000003,201909,2501,d,3146,d
S08000015,201908,67,,117,
S08000016,201908,19,,34,
S08000017,201908,58,,77,
S08000019,201908,90,,115,
S08000020,201908,177,,215,
S08000022,201908,81,,110,
S08000024,201908,364,,443,
S08000025,201908,4,,4,
S08000026,201908,2,,3,
S08000028,201908,7,,9,
S08000029,201908,268,,299,
S08000030,201908,97,,150,
S08000031,201908,503,,574,
S08000032,201908,213,,279,
S92000003,201908,1950,d,2429,d
S08000015,201907,84,,145,
S08000016,201907,40,,57,
S08000017,201907,67,,81,
S08000019,201907,85,,117,
S08000020,201907,160,,223,
S08000022,201907,92,,126,
S08000024,201907,388,,482,
S08000025,201907,2,,2,
S08000026,201907,6,,7,
S08000028,201907,7,,9,
S08000029,201907,243,,266,
S08000030,201907,81,,125,
S08000031,201907,413,,455,
S08000032,201907,150,,267,
S92000003,201907,1818,d,2362,d
S08000015,201906,130,,180,
S08000016,201906,43,,58,
S08000017,201906,76,,112,
S08000019,201906,104,,138,
S08000020,201906,208,,255,
S08000022,201906,101,,140,
S08000024,201906,419,,549,
S08000025,201906,4,,4,
S08000026,201906,11,,11,
S08000028,201906,10,,10,
S08000029,201906,244,,283,
S08000030,201906,68,,166,
S08000031,201906,629,,686,
S08000032,201906,233,,348,
S92000003,201906,2280,d,2940,d
S08000015,201905,138,,213,
S08000016,201905,59,,73,
S08000017,201905,98,,113,
S08000019,201905,174,,198,
S08000020,201905,238,,294,
S08000022,201905,103,,147,
S08000024,201905,470,,614,
S08000025,201905,7,,7,
S08000026,201905,8,,9,
S08000028,201905,13,,14,
S08000029,201905,341,,366,
S08000030,201905,107,,225,
S08000031,201905,647,,727,
S08000032,201905,250,,360,
S92000003,201905,2653,d,3360,d
S08000015,201904,110,,145,
S08000016,201904,36,,53,
S08000017,201904,65,,82,
S08000019,201904,129,,147,
S08000020,201904,189,,238,
S08000022,201904,75,,115,
S08000024,201904,444,,567,
S08000025,201904,5,,5,
S08000026,201904,7,,7,
S08000028,201904,5,,8,
S08000029,201904,180,,211,
S08000030,201904,68,,166,
S08000031,201904,558,,603,
S08000032,201904,227,,327,
S92000003,201904,2098,d,2674,d
S08000015,201903,169,,186,
S08000016,201903,64,,78,
S08000017,201903,107,,135,
S08000019,201903,196,,238,
S08000020,201903,261,,316,
S08000021,201903,763,,838,
S08000022,201903,107,,157,
S08000023,201903,388,,494,
S08000024,201903,483,,669,
S08000025,201903,8,,8,
S08000026,201903,17,,17,
S08000028,201903,13,,15,
S08000029,201903,237,,286,
S08000030,201903,131,,252,
S92000003,201903,2944,d,3689,d
S08000015,201902,185,,201,
S08000016,201902,43,,71,
S08000017,201902,104,,127,
S08000019,201902,161,,198,
S08000020,201902,253,,284,
S08000021,201902,694,,763,
S08000022,201902,84,,138,
S08000023,201902,294,,409,
S08000024,201902,481,,639,
S08000025,201902,5,,5,
S08000026,201902,16,,17,
S08000028,201902,9,,12,
S08000029,201902,185,,248,
S08000030,201902,162,,260,
S92000003,201902,2676,d,3372,d
S08000015,201901,182,,192,
S08000016,201901,35,,42,
S08000017,201901,115,,133,
S08000019,201901,144,,172,
S08000020,201901,213,,265,
S08000021,201901,556,,619,
S08000022,201901,102,,138,
S08000023,201901,219,,305,
S08000024,201901,433,,630,
S08000025,201901,11,,11,
S08000026,201901,13,,13,
S08000028,201901,7,,7,
S08000029,201901,191,,258,
S08000030,201901,145,,251,
S92000003,201901,2366,d,3036,d
S08000015,201812,150,,189,
S08000016,201812,32,,47,
S08000017,201812,83,,99,
S08000019,201812,162,,197,
S08000020,201812,251,,282,
S08000021,201812,518,,576,
S08000022,201812,128,,128,
S08000023,201812,247,,337,
S08000024,201812,432,,548,
S08000025,201812,8,,8,
S08000026,201812,3,,5,
S08000028,201812,9,,10,
S08000029,201812,150,,206,
S08000030,201812,156,,249,
S92000003,201812,2329,d,2881,d
S08000015,201811,190,,265,
S08000016,201811,47,,66,
S08000017,201811,78,,101,
S08000019,201811,186,,243,
S08000020,201811,232,,276,
S08000021,201811,664,,759,
S08000022,201811,81,,128,
S08000023,201811,327,,434,
S08000024,201811,495,,662,
S08000025,201811,9,,9,
S08000026,201811,10,,11,
S08000028,201811,10,,12,
S08000029,201811,221,,267,
S08000030,201811,176,,282,
S92000003,201811,2726,d,3515,d
S08000015,201810,189,,236,
S08000016,201810,49,,66,
S08000017,201810,77,,94,
S08000019,201810,157,,208,
S08000020,201810,260,,293,
S08000021,201810,648,,735,
S08000022,201810,183,,199,
S08000023,201810,294,,407,
S08000024,201810,493,,646,
S08000025,201810,6,,6,
S08000026,201810,12,,15,
S08000028,201810,12,,13,
S08000029,201810,166,,233,
S08000030,201810,144,,210,
S92000003,201810,2690,d,3361,d
S08000015,201809,141,,183,
S08000016,201809,44,,53,
S08000017,201809,91,,115,
S08000019,201809,134,,186,
S08000020,201809,205,,224,
S08000021,201809,528,,631,
S08000022,201809,96,,118,
S08000023,201809,277,,351,
S08000024,201809,363,,490,
S08000025,201809,9,,9,
S08000026,201809,10,,10,
S08000028,201809,18,,21,
S08000029,201809,164,,230,
S08000030,201809,161,,240,
S92000003,201809,2241,d,2861,d
S08000015,201808,130,,153,
S08000016,201808,31,,44,
S08000017,201808,74,,90,
S08000019,201808,109,,149,
S08000020,201808,173,,196,
S08000021,201808,460,,570,
S08000022,201808,50,,80,
S08000023,201808,220,,288,
S08000024,201808,390,,501,
S08000025,201808,7,,7,
S08000026,201808,10,,10,
S08000028,201808,8,,8,
S08000029,201808,199,,245,
S08000030,201808,133,,205,
S92000003,201808,1994,d,2546,d
S08000015,201807,109,,128,
S08000016,201807,23,,40,
S08000017,201807,54,,73,
S08000019,201807,91,,134,
S08000020,201807,158,,202,
S08000021,201807,354,,461,
S08000022,201807,50,,77,
S08000023,201807,145,,228,
S08000024,201807,349,,446,
S08000025,201807,5,,5,
S08000026,201807,3,,3,
S08000028,201807,0,,3,
S08000029,201807,142,,162,
S08000030,201807,90,,140,
S92000003,201807,1573,d,2102,d
S08000015,201806,170,,210,
S08000016,201806,41,,64,
S08000017,201806,75,,104,
S08000019,201806,194,,239,
S08000020,201806,264,,325,
S08000021,201806,469,,589,
S08000022,201806,53,,85,
S08000023,201806,276,,367,
S08000024,201806,493,,632,
S08000025,201806,4,,4,
S08000026,201806,6,,7,
S08000028,201806,13,,15,
S08000029,201806,237,,269,
S08000030,201806,178,,262,
S92000003,201806,2473,d,3172,d
S08000015,201805,158,,182,
S08000016,201805,35,,46,
S08000017,201805,76,,95,
S08000019,201805,176,,217,
S08000020,201805,212,,283,
S08000021,201805,487,,621,
S08000022,201805,71,,101,
S08000023,201805,283,,417,
S08000024,201805,476,,615,
S08000025,201805,4,,4,
S08000026,201805,10,,11,
S08000028,201805,13,,14,
S08000029,201805,227,,259,
S08000030,201805,178,,244,
S92000003,201805,2406,d,3109,d
S08000015,201804,143,,171,
S08000016,201804,34,,42,
S08000017,201804,57,,80,
S08000019,201804,120,,143,
S08000020,201804,228,,266,
S08000021,201804,421,,539,
S08000022,201804,85,,93,
S08000023,201804,230,,311,
S08000024,201804,433,,524,
S08000025,201804,6,,6,
S08000026,201804,6,,6,
S08000028,201804,3,,7,
S08000029,201804,163,,189,
S08000030,201804,84,,144,
S92000003,201804,2013,d,2521,d
S08000015,201803,169,,211,
S08000016,201803,47,,60,
S08000017,201803,85,,108,
S08000019,201803,154,,184,
S08000020,201803,261,,300,
S08000021,201803,418,,564,
S08000022,201803,134,,134,
S08000023,201803,301,,378,
S08000024,201803,445,,589,
S08000025,201803,9,,9,
S08000026,201803,18,,19,
S08000028,201803,8,,11,
S08000029,201803,228,,260,
S08000030,201803,192,,283,
S92000003,201803,2469,d,3110,d
S08000015,201802,164,,214,
S08000016,201802,32,,48,
S08000017,201802,98,,115,
S08000029,201802,185,,215,
S08000019,201802,169,,191,
S08000020,201802,237,,272,
S08000021,201802,473,,632,
S08000022,201802,113,,113,
S08000023,201802,286,,381,
S08000024,201802,420,,549,
S08000025,201802,9,,9,
S08000026,201802,13,,14,
S08000030,201802,166,,238,
S08000028,201802,3,,6,
S92000003,201802,2368,d,2997,d
S08000015,201801,185,,222,
S08000016,201801,45,,60,
S08000017,201801,80,,97,
S08000018,201801,209,,236,
S08000019,201801,140,,161,
S08000020,201801,241,,261,
S08000021,201801,361,,495,
S08000022,201801,126,,127,
S08000023,201801,186,,251,
S08000024,201801,398,,507,
S08000025,201801,8,,8,
S08000026,201801,9,,9,
S08000027,201801,133,,197,
S08000028,201801,9,,13,
S92000003,201801,2130,d,2644,d
S08000015,201712,170,,198,
S08000016,201712,52,,70,
S08000017,201712,85,,108,
S08000018,201712,188,,213,
S08000019,201712,149,,181,
S08000020,201712,224,,246,
S08000021,201712,380,,529,
S08000022,201712,153,,153,
S08000023,201712,245,,316,
S08000024,201712,332,,432,
S08000025,201712,15,,15,
S08000026,201712,13,,13,
S08000027,201712,139,,214,
S08000028,201712,9,,10,
S92000003,201712,2154,d,2698,d
S08000015,201711,206,,244,
S08000016,201711,72,,85,
S08000017,201711,95,,122,
S08000018,201711,218,,256,
S08000019,201711,173,,206,
S08000020,201711,264,,298,
S08000021,201711,509,,744,
S08000022,201711,168,,168,
S08000023,201711,329,,450,
S08000024,201711,525,,688,
S08000025,201711,10,,10,
S08000026,201711,16,,18,
S08000027,201711,171,,247,
S08000028,201711,10,,13,
S92000003,201711,2766,d,3549,d
S08000015,201710,172,,209,
S08000016,201710,46,,63,
S08000017,201710,62,,80,
S08000018,201710,174,,205,
S08000019,201710,142,,163,
S08000020,201710,215,,254,
S08000021,201710,414,,628,
S08000022,201710,81,,81,
S08000023,201710,263,,353,
S08000024,201710,394,,539,
S08000025,201710,8,,8,
S08000026,201710,3,,3,
S08000027,201710,137,,202,
S08000028,201710,15,,15,
S92000003,201710,2126,d,2803,d
S08000015,201709,158,,199,
S08000016,201709,47,,63,
S08000017,201709,98,,107,
S08000018,201709,195,,228,
S08000019,201709,150,,165,
S08000020,201709,207,,241,
S08000021,201709,415,,608,
S08000022,201709,154,,154,
S08000023,201709,283,,355,
S08000024,201709,422,,538,
S08000025,201709,9,,9,
S08000026,201709,13,,13,
S08000027,201709,178,,240,
S08000028,201709,14,,15,
S92000003,201709,2343,d,2935,d
S08000015,201708,107,,136,
S08000016,201708,35,,41,
S08000017,201708,56,,66,
S08000018,201708,178,,197,
S08000019,201708,110,,135,
S08000020,201708,145,,196,
S08000021,201708,396,,549,
S08000022,201708,108,,108,
S08000023,201708,154,,230,
S08000024,201708,339,,414,
S08000025,201708,5,,5,
S08000026,201708,4,,4,
S08000027,201708,148,,191,
S08000028,201708,14,,15,
S92000003,201708,1799,d,2287,
S08000015,201707,117,,144,
S08000016,201707,26,,39,
S08000017,201707,45,,56,
S08000018,201707,121,,147,
S08000019,201707,103,,122,
S08000020,201707,147,,189,
S08000021,201707,259,,363,
S08000022,201707,121,,122,
S08000023,201707,126,,198,
S08000024,201707,278,,382,
S08000025,201707,5,,5,
S08000026,201707,5,,5,
S08000027,201707,163,,198,
S08000028,201707,7,,7,
S92000003,201707,1523,d,1977,d
S08000015,201706,141,,171,
S08000016,201706,36,,57,
S08000017,201706,72,,92,
S08000018,201706,206,,226,
S08000019,201706,158,,178,
S08000020,201706,222,,263,
S08000021,201706,426,,604,
S08000022,201706,187,,187,
S08000023,201706,293,,383,
S08000024,201706,449,,601,
S08000025,201706,9,,9,
S08000026,201706,7,,7,
S08000027,201706,131,,201,
S08000028,201706,19,,20,
S92000003,201706,2356,d,2999,d
S08000015,201705,143,,182,
S08000016,201705,37,,66,
S08000017,201705,69,,102,
S08000018,201705,183,,209,
S08000019,201705,167,,200,
S08000020,201705,227,,275,
S08000021,201705,432,,683,
S08000022,201705,137,,138,
S08000023,201705,295,,384,
S08000024,201705,427,,542,
S08000025,201705,3,,3,
S08000026,201705,11,,11,
S08000027,201705,171,,248,
S08000028,201705,10,,10,
S92000003,201705,2312,d,3053,d
S08000015,201704,126,,156,
S08000016,201704,30,,42,
S08000017,201704,84,,98,
S08000018,201704,171,,202,
S08000019,201704,104,,116,
S08000020,201704,186,,212,
S08000021,201704,312,,484,
S08000022,201704,128,,129,
S08000023,201704,207,,264,
S08000024,201704,288,,373,
S08000025,201704,4,,4,
S08000026,201704,6,,6,
S08000027,201704,120,,184,
S08000028,201704,6,,8,
S92000003,201704,1772,d,2278,d
S08000015,201703,203,,237,
S08000016,201703,64,,82,
S08000017,201703,103,,111,
S08000018,201703,186,,218,
S08000019,201703,189,,232,
S08000020,201703,256,,315,
S08000021,201703,466,,702,
S08000022,201703,200,,202,
S08000023,201703,289,,368,
S08000024,201703,468,,595,
S08000025,201703,10,,10,
S08000026,201703,10,,10,
S08000027,201703,195,,260,
S08000028,201703,16,,18,
S92000003,201703,2655,d,3360,d
S08000015,201702,154,,194,
S08000016,201702,30,,49,
S08000017,201702,76,,92,
S08000018,201702,187,,219,
S08000019,201702,131,,160,
S08000020,201702,201,,250,
S08000021,201702,428,,606,
S08000022,201702,157,,160,
S08000023,201702,249,,333,
S08000024,201702,438,,558,
S08000025,201702,7,,7,
S08000026,201702,4,,4,
S08000027,201702,164,,220,
S08000028,201702,18,,18,
S92000003,201702,2244,d,2870,d
S08000015,201701,137,,157,
S08000016,201701,40,,57,
S08000017,201701,88,,97,
S08000018,201701,171,,184,
S08000019,201701,131,,161,
S08000020,201701,194,,217,
S08000021,201701,393,,562,
S08000022,201701,98,,114,
S08000023,201701,219,,289,
S08000024,201701,347,,431,
S08000025,201701,11,,11,
S08000026,201701,4,,4,
S08000027,201701,152,,208,
S08000028,201701,8,,8,
S92000003,201701,1993,d,2500,d
S08000015,201612,163,,202,
S08000016,201612,52,,75,
S08000017,201612,94,,106,
S08000018,201612,169,,186,
S08000019,201612,155,,176,
S08000020,201612,220,,266,
S08000021,201612,397,,565,
S08000022,201612,180,,181,
S08000023,201612,242,,325,
S08000024,201612,351,,469,
S08000025,201612,17,,17,
S08000026,201612,10,,10,
S08000027,201612,155,,199,
S08000028,201612,7,,7,
S92000003,201612,2212,d,2784,d
S08000015,201611,148,,193,
S08000016,201611,60,,77,
S08000017,201611,73,,84,
S08000018,201611,214,,226,
S08000019,201611,143,,174,
S08000020,201611,223,,277,
S08000021,201611,428,,666,
S08000022,201611,179,,182,
S08000023,201611,291,,382,
S08000024,201611,463,,584,
S08000025,201611,18,,18,
S08000026,201611,4,,7,
S08000027,201611,202,,238,
S08000028,201611,7,,8,
S92000003,201611,2453,d,3116,d
S08000015,201610,140,,186,
S08000016,201610,42,,55,
S08000017,201610,51,,66,
S08000018,201610,153,,181,
S08000019,201610,134,,169,
S08000020,201610,197,,245,
S08000021,201610,418,,653,
S08000022,201610,123,,123,
S08000023,201610,236,,301,
S08000024,201610,358,,470,
S08000025,201610,8,,8,
S08000026,201610,2,,2,
S08000027,201610,130,,190,
S08000028,201610,14,,14,
S92000003,201610,2006,d,2663,d
S08000015,201609,144,,179,
S08000016,201609,63,,78,
S08000017,201609,66,,85,
S08000018,201609,210,,239,
S08000019,201609,139,,172,
S08000020,201609,227,,267,
S08000021,201609,453,,700,
S08000022,201609,170,,172,
S08000023,201609,265,,331,
S08000024,201609,408,,531,
S08000025,201609,6,,6,
S08000026,201609,14,,14,
S08000027,201609,197,,287,
S08000028,201609,18,,18,
S92000003,201609,2380,d,3079,d
S08000015,201608,137,,160,
S08000016,201608,34,,51,
S08000017,201608,57,,75,
S08000018,201608,162,,187,
S08000019,201608,99,,125,
S08000020,201608,128,,165,
S08000021,201608,342,,515,
S08000022,201608,107,,114,
S08000023,201608,172,,220,
S08000024,201608,319,,403,
S08000025,201608,0,,0,
S08000026,201608,5,,5,
S08000027,201608,122,,172,
S08000028,201608,5,,5,
S92000003,201608,1689,d,2197,d
S08000015,201607,99,,127,
S08000016,201607,35,,46,
S08000017,201607,40,,50,
S08000018,201607,180,,212,
S08000019,201607,94,,113,
S08000020,201607,99,,171,
S08000021,201607,260,,380,
S08000022,201607,81,,85,
S08000023,201607,144,,180,
S08000024,201607,301,,381,
S08000025,201607,5,,5,
S08000026,201607,1,,1,
S08000027,201607,101,,127,
S08000028,201607,7,,7,
S92000003,201607,1447,d,1885,d
S08000015,201606,179,,217,
S08000016,201606,52,,66,
S08000017,201606,89,,98,
S08000018,201606,181,,215,
S08000019,201606,149,,172,
S08000020,201606,233,,274,
S08000021,201606,428,,673,
S08000022,201606,149,,150,
S08000023,201606,221,,298,
S08000024,201606,419,,548,
S08000025,201606,5,,5,
S08000026,201606,5,,5,
S08000027,201606,184,,249,
S08000028,201606,19,,19,
S92000003,201606,2313,d,2989,d
S08000015,201605,155,,180,
S08000016,201605,40,,45,
S08000017,201605,94,,108,
S08000018,201605,167,,201,
S08000019,201605,112,,146,
S08000020,201605,206,,247,
S08000021,201605,389,,543,
S08000022,201605,132,,132,
S08000023,201605,248,,326,
S08000024,201605,426,,519,
S08000025,201605,6,,6,
S08000026,201605,1,,1,
S08000027,201605,152,,195,
S08000028,201605,15,,15,
S92000003,201605,2143,d,2664,d
S08000015,201604,116,,153,
S08000016,201604,42,,49,
S08000017,201604,88,,103,
S08000018,201604,179,,211,
S08000019,201604,110,,125,
S08000020,201604,190,,210,
S08000021,201604,376,,543,
S08000022,201604,133,,139,
S08000023,201604,243,,311,
S08000024,201604,479,,541,
S08000025,201604,2,,2,
S08000026,201604,4,,4,
S08000027,201604,133,,173,
S08000028,201604,6,,6,
S92000003,201604,2101,d,2570,d
S08000015,201603,172,,204,
S08000016,201603,60,,70,
S08000017,201603,94,,115,
S08000018,201603,196,,238,
S08000019,201603,141,,174,
S08000020,201603,240,,262,
S08000021,201603,437,,702,
S08000022,201603,131,,133,
S08000023,201603,348,,415,
S08000024,201603,529,,597,
S08000025,201603,0,,0,
S08000026,201603,5,,5,
S08000027,201603,201,,272,
S08000028,201603,19,,19,
S92000003,201603,2573,d,3206,d
S08000015,201602,192,,219,
S08000016,201602,51,,59,
S08000017,201602,83,,106,
S08000018,201602,182,,212,
S08000019,201602,132,,164,
S08000020,201602,244,,306,
S08000021,201602,446,,690,
S08000022,201602,143,,149,
S08000023,201602,281,,340,
S08000024,201602,575,,634,
S08000025,201602,2,,2,
S08000026,201602,6,,6,
S08000027,201602,174,,229,
S08000028,201602,15,,15,
S92000003,201602,2526,d,3131,d
S08000015,201601,143,,170,
S08000016,201601,44,,50,
S08000017,201601,73,,90,
S08000018,201601,190,,216,
S08000019,201601,115,,151,
S08000020,201601,203,,244,
S08000021,201601,387,,592,
S08000022,201601,126,,127,
S08000023,201601,221,,248,
S08000024,201601,417,,457,
S08000025,201601,11,,11,
S08000026,201601,5,,5,
S08000027,201601,145,,183,
S08000028,201601,15,,15,
S92000003,201601,2095,d,2559,d
S08000015,201512,164,,192,
S08000016,201512,48,,55,
S08000017,201512,76,,90,
S08000018,201512,157,,209,
S08000019,201512,130,,144,
S08000020,201512,230,,282,
S08000021,201512,416,,657,
S08000022,201512,97,,141,
S08000023,201512,262,,295,
S08000024,201512,504,,550,
S08000025,201512,8,,8,
S08000026,201512,10,,11,
S08000027,201512,160,,201,
S08000028,201512,9,,9,
S92000003,201512,2271,d,2844,d
S08000015,201511,188,,221,
S08000016,201511,47,,53,
S08000017,201511,75,,92,
S08000018,201511,194,,237,
S08000019,201511,155,,174,
S08000020,201511,206,,258,
S08000021,201511,466,,704,
S08000022,201511,200,,205,
S08000023,201511,208,,235,
S08000024,201511,560,,601,
S08000025,201511,6,,6,
S08000026,201511,12,,16,
S08000027,201511,170,,225,
S08000028,201511,13,,13,
S92000003,201511,2500,d,3040,d
S08000015,201510,150,,172,
S08000016,201510,51,,60,
S08000017,201510,63,,75,
S08000018,201510,165,,191,
S08000019,201510,120,,129,
S08000020,201510,227,,267,
S08000021,201510,430,,622,
S08000022,201510,,:,,:
S08000023,201510,285,,330,
S08000024,201510,472,,507,
S08000025,201510,10,,10,
S08000026,201510,4,,4,
S08000027,201510,137,,192,
S08000028,201510,7,,7,
S92000003,201510,2121,d y,2566,d y
S08000015,201509,154,,171,
S08000016,201509,51,,62,
S08000017,201509,91,,114,
S08000018,201509,167,,189,
S08000019,201509,185,,191,
S08000020,201509,265,,313,
S08000021,201509,481,,732,
S08000022,201509,,:,,:
S08000023,201509,299,,342,
S08000024,201509,497,,535,
S08000025,201509,7,,7,
S08000026,201509,2,,2,
S08000027,201509,153,,201,
S08000028,201509,8,,8,
S92000003,201509,2360,d y,2867,d y
S08000015,201508,103,,124,
S08000016,201508,43,,45,
S08000017,201508,63,,76,
S08000018,201508,93,,109,
S08000019,201508,120,,128,
S08000020,201508,135,,182,
S08000021,201508,318,,469,
S08000022,201508,,:,,:
S08000023,201508,200,,220,
S08000024,201508,406,,429,
S08000025,201508,0,,0,
S08000026,201508,2,,2,
S08000027,201508,103,,138,
S08000028,201508,8,,8,
S92000003,201508,1594,d y,1930,d y
S08000015,201507,88,,117,
S08000016,201507,39,,42,
S08000017,201507,50,,63,
S08000018,201507,126,,146,
S08000019,201507,94,,99,
S08000020,201507,120,,181,
S08000021,201507,319,,474,
S08000022,201507,,:,,:
S08000023,201507,153,,169,
S08000024,201507,434,,454,
S08000025,201507,5,,5,
S08000026,201507,4,,4,
S08000027,201507,107,,171,
S08000028,201507,9,,10,
S92000003,201507,1548,d y,1935,d y
S08000015,201506,113,,156,
S08000016,201506,51,,58,
S08000017,201506,77,,92,
S08000018,201506,155,,173,
S08000019,201506,156,,177,
S08000020,201506,203,,248,
S08000021,201506,434,,680,
S08000022,201506,,:,,:
S08000023,201506,232,,253,
S08000024,201506,567,,615,
S08000025,201506,7,,7,
S08000026,201506,,:,,:
S08000027,201506,155,,221,
S08000028,201506,16,,16,
S92000003,201506,2166,d y,2696,d y
S08000015,201505,97,,118,u
S08000016,201505,54,,62,u
S08000017,201505,65,,78,u
S08000018,201505,183,,209,u
S08000019,201505,108,,141,u
S08000020,201505,239,,282,u
S08000021,201505,395,,587,u
S08000022,201505,,:,,:
S08000023,201505,190,,213,
S08000024,201505,480,,518,
S08000025,201505,4,,4,
S08000026,201505,,:,,:
S08000027,201505,137,,196,
S08000028,201505,12,,12,
S92000003,201505,1964,d y,2420,d y
S08000015,201504,112,,132,
S08000016,201504,44,,52,
S08000017,201504,79,,87,
S08000018,201504,139,,157,
S08000019,201504,109,,114,
S08000020,201504,212,,252,
S08000021,201504,372,,548,
S08000022,201504,,:,,:
S08000023,201504,205,,241,
S08000024,201504,435,,474,
S08000025,201504,4,,4,
S08000026,201504,,:,,:
S08000027,201504,136,,195,
S08000028,201504,11,,11,
S92000003,201504,1858,d y,2267,d y
S08000015,201503,152,,198,
S08000016,201503,49,,56,
S08000017,201503,118,,131,
S08000018,201503,199,,242,
S08000019,201503,132,,137,
S08000020,201503,247,,305,
S08000021,201503,528,,777,
S08000022,201503,,:,,:
S08000023,201503,265,,291,
S08000024,201503,507,,542,
S08000025,201503,5,,5,
S08000026,201503,,:,,:
S08000027,201503,173,,240,
S08000028,201503,17,,18,
S92000003,201503,2392,d y,2942,d y
S08000015,201502,132,,193,
S08000016,201502,57,,64,
S08000017,201502,75,,93,
S08000018,201502,131,,161,
S08000019,201502,121,,130,
S08000020,201502,215,,261,
S08000021,201502,488,,706,
S08000022,201502,,:,,:
S08000023,201502,274,,294,
S08000024,201502,451,,491,
S08000025,201502,3,,5,
S08000026,201502,4,,6,
S08000027,201502,152,,191,
S08000028,201502,14,,14,
S92000003,201502,2117,d y,2609,d y 
S08000015,201501,121,,157,
S08000016,201501,50,,55,
S08000017,201501,79,,93,
S08000018,201501,154,,180,
S08000019,201501,102,,108,
S08000020,201501,221,,252,
S08000021,201501,444,,662,
S08000022,201501,,:,,:
S08000023,201501,230,,246,
S08000024,201501,395,,422,
S08000025,201501,13,,14,
S08000026,201501,13,,16,
S08000027,201501,128,,197,
S08000028,201501,13,,13,
S92000003,201501,1963,d y,2415,d y
S08000015,201412,119,,153,
S08000016,201412,44,,52,
S08000017,201412,79,,101,
S08000018,201412,141,,157,
S08000019,201412,98,,106,
S08000020,201412,232,,279,
S08000021,201412,422,,618,
S08000022,201412,,:,,:
S08000023,201412,207,,235,
S08000024,201412,423,,458,
S08000025,201412,3,,3,
S08000026,201412,10,,11,
S08000027,201412,133,,202,
S08000028,201412,12,,12,
S92000003,201412,1923,d y,2387,d y
S08000015,201411,125,,176,
S08000016,201411,47,,53,
S08000017,201411,71,,96,
S08000018,201411,146,,165,
S08000019,201411,107,,113,
S08000020,201411,178,,227,
S08000021,201411,580,,804,
S08000022,201411,,:,,:
S08000023,201411,236,,261,
S08000024,201411,446,,480,
S08000025,201411,9,,13,
S08000026,201411,12,,15,
S08000027,201411,118,,162,
S08000028,201411,13,,13,
S92000003,201411,2088,d y,2578,d y
S08000015,201410,120,,165,
S08000016,201410,59,,70,
S08000017,201410,85,,112,
S08000018,201410,146,,169,
S08000019,201410,96,,101,
S08000020,201410,214,,268,
S08000021,201410,519,,682,
S08000022,201410,,:,,:
S08000023,201410,241,,281,
S08000024,201410,461,,498,
S08000025,201410,9,,12,
S08000026,201410,5,,6,
S08000027,201410,148,,184,
S08000028,201410,5,,5,
S92000003,201410,2108,d y,2553,d y
S08000015,201409,89,,131,
S08000016,201409,63,,73,
S08000017,201409,85,,102,
S08000018,201409,169,,189,
S08000019,201409,101,,128,
S08000020,201409,204,,238,
S08000021,201409,514,,694,
S08000022,201409,,:,,:
S08000023,201409,228,,253,
S08000024,201409,356,,381,
S08000025,201409,8,,8,
S08000026,201409,16,,17,
S08000027,201409,136,,189,
S08000028,201409,7,,7,
S92000003,201409,1976,d y,2410,d y
S08000015,201408,81,,101,
S08000016,201408,29,,32,
S08000017,201408,46,,59,
S08000018,201408,133,,147,
S08000019,201408,76,,94,
S08000020,201408,122,,172,
S08000021,201408,396,,521,
S08000022,201408,,:,,:
S08000023,201408,158,,181,
S08000024,201408,267,,291,
S08000025,201408,1,,2,
S08000026,201408,6,,6,
S08000027,201408,70,,120,
S08000028,201408,7,,7,
S92000003,201408,1392,d y,1733,d y
S08000015,201407,70,,102,
S08000016,201407,31,,32,
S08000017,201407,52,,64,
S08000018,201407,110,,122,
S08000019,201407,64,,85,
S08000020,201407,139,,192,
S08000021,201407,366,,518,
S08000022,201407,,:,,:
S08000023,201407,120,,127,
S08000024,201407,,:,,:
S08000025,201407,5,,5,
S08000026,201407,4,,8,
S08000027,201407,35,,125,
S08000028,201407,5,,5,
S92000003,201407,1001,d y,1385,d y
S08000015,201406,90,,140,
S08000016,201406,40,,43,
S08000017,201406,49,,60,
S08000018,201406,91,,107,
S08000019,201406,77,,120,
S08000020,201406,186,,232,
S08000021,201406,0,,626,
S08000022,201406,,:,,:
S08000023,201406,290,,310,
S08000024,201406,,:,,:
S08000025,201406,4,,5,
S08000026,201406,7,,9,
S08000027,201406,61,,223,
S08000028,201406,9,,9,
S92000003,201406,904,d y,1884,d y
S08000015,201405,77,,132,
S08000016,201405,57,,67,
S08000017,201405,85,,104,
S08000018,201405,148,,170,
S08000019,201405,75,,114,
S08000020,201405,200,,223,
S08000021,201405,411,,574,
S08000022,201405,,:,,:
S08000023,201405,293,,328,
S08000024,201405,351,,400,
S08000025,201405,13,,14,
S08000026,201405,10,,13,
S08000027,201405,103,,169,
S08000028,201405,5,,5,
S92000003,201405,1828,d y,2313,d y
S08000015,201404,73,,108,
S08000016,201404,46,,58,
S08000017,201404,55,,77,
S08000018,201404,99,,112,
S08000019,201404,75,,102,
S08000020,201404,201,,226,
S08000021,201404,385,,516,
S08000022,201404,,:,,:
S08000023,201404,309,,342,
S08000024,201404,288,,329,
S08000025,201404,4,,4,
S08000026,201404,8,,11,
S08000027,201404,81,,195,
S08000028,201404,7,,7,
S92000003,201404,1631,d y,2087,d y
S08000015,201403,118,,174,
S08000016,201403,32,,48,
S08000017,201403,76,,87,
S08000018,201403,161,,199,
S08000019,201403,105,,151,
S08000020,201403,201,,274,
S08000021,201403,650,,676,
S08000022,201403,,:,,:
S08000023,201403,224,,257,
S08000024,201403,411,,466,
S08000025,201403,10,,10,
S08000026,201403,12,,15,
S08000027,201403,142,,208,
S08000028,201403,7,,7,
S92000003,201403,2149,d y,2572,d y
S08000015,201402,139,,168,
S08000016,201402,52,,57,
S08000017,201402,92,,107,
S08000018,201402,122,,162,
S08000019,201402,96,,127,
S08000020,201402,226,,277,
S08000021,201402,453,,638,
S08000022,201402,100,,132,
S08000023,201402,241,,274,
S08000024,201402,387,,426,
S08000025,201402,5,,5,
S08000026,201402,10,,18,
S08000027,201402,132,,198,
S08000028,201402,14,,14,
S92000003,201402,2069,d,2603,d
S08000015,201401,133,,170,
S08000016,201401,48,,53,
S08000017,201401,67,,77,
S08000018,201401,167,,202,
S08000019,201401,74,,110,
S08000020,201401,150,,208,
S08000021,201401,471,,580,
S08000022,201401,131,,139,
S08000023,201401,254,,304,
S08000024,201401,331,,377,
S08000025,201401,0,,10,
S08000026,201401,10,,13,
S08000027,201401,131,,199,
S08000028,201401,3,,3,
S92000003,201401,1970,d,2445,d
S08000015,201312,108,,132,
S08000016,201312,63,,69,
S08000017,201312,97,,104,
S08000018,201312,161,,186,
S08000019,201312,81,,107,
S08000020,201312,167,,233,
S08000021,201312,362,,478,
S08000022,201312,100,,115,
S08000023,201312,215,,257,
S08000024,201312,350,,410,
S08000025,201312,7,,8,
S08000026,201312,7,,11,
S08000027,201312,149,,201,
S08000028,201312,3,,3,
S92000003,201312,1870,d,2314,d
S08000015,201311,125,,169,
S08000016,201311,39,,50,
S08000017,201311,102,,105,
S08000018,201311,135,,176,
S08000019,201311,105,,119,
S08000020,201311,0,,242,
S08000021,201311,474,,613,
S08000022,201311,138,,165,
S08000023,201311,235,,273,
S08000024,201311,368,,421,
S08000025,201311,9,,9,
S08000026,201311,8,,10,
S08000027,201311,126,,224,
S08000028,201311,3,,3,
S92000003,201311,1867,d,2579,d
S08000015,201310,128,,157,
S08000016,201310,57,,63,
S08000017,201310,70,,79,
S08000018,201310,149,,164,
S08000019,201310,76,,112,
S08000020,201310,161,,233,
S08000021,201310,416,,574,
S08000022,201310,69,,111,
S08000023,201310,273,,308,
S08000024,201310,351,,391,
S08000025,201310,11,,11,
S08000026,201310,7,,12,
S08000027,201310,127,,207,
S08000028,201310,4,,4,
S92000003,201310,1899,d,2426,d
S08000015,201309,0,,139,
S08000016,201309,47,,52,
S08000017,201309,88,,98,
S08000018,201309,187,,213,
S08000019,201309,84,,120,
S08000020,201309,,:,,:
S08000021,201309,401,,500,
S08000022,201309,130,,147,
S08000023,201309,243,,254,
S08000024,201309,331,,370,
S08000025,201309,6,,7,
S08000026,201309,7,,8,
S08000027,201309,130,,230,
S08000028,201309,8,,8,
S92000003,201309,1662,d y,2146,d y
S08000015,201308,28,,110,
S08000016,201308,32,,36,
S08000017,201308,55,,66,
S08000018,201308,114,,123,
S08000019,201308,70,,95,
S08000020,201308,,:,,:
S08000021,201308,426,,528,
S08000022,201308,84,,98,
S08000023,201308,185,,196,
S08000024,201308,283,,326,
S08000025,201308,3,,3,
S08000026,201308,9,,13,
S08000027,201308,116,,156,
S08000028,201308,3,,3,
S92000003,201308,1408,d y,1753,d y
S08000015,201307,100,,135,
S08000016,201307,40,,49,
S08000017,201307,60,,74,
S08000018,201307,118,,139,
S08000019,201307,74,,90,
S08000020,201307,,:,,:
S08000021,201307,337,,424,
S08000022,201307,65,,77,
S08000023,201307,160,,173,
S08000024,201307,290,,318,
S08000025,201307,2,,2,
S08000026,201307,6,,11,
S08000027,201307,119,,136,
S08000028,201307,5,,5,
S92000003,201307,1376,d y,1633,d y
S08000015,201306,114,,139,
S08000016,201306,30,,39,
S08000017,201306,87,,95,
S08000018,201306,122,,142,
S08000019,201306,90,,109,
S08000020,201306,,:,,:
S08000021,201306,336,,411,
S08000022,201306,93,,105,
S08000023,201306,242,,254,
S08000024,201306,302,,337,
S08000025,201306,9,,9,
S08000026,201306,7,,11,
S08000027,201306,159,,185,
S08000028,201306,1,,1,
S92000003,201306,1592,d y,1837,d y
S08000015,201305,116,,149,
S08000016,201305,51,,57,
S08000017,201305,58,,71,
S08000018,201305,164,,191,
S08000019,201305,104,,147,
S08000020,201305,,:,,:
S08000021,201305,349,,464,
S08000022,201305,99,,128,
S08000023,201305,266,,278,
S08000024,201305,377,,422,
S08000025,201305,3,,3,
S08000026,201305,14,,16,
S08000027,201305,160,,183,
S08000028,201305,10,,10,
S92000003,201305,1771,d y,2119,d y
S08000015,201304,101,,148,
S08000016,201304,45,,52,
S08000017,201304,51,,64,
S08000018,201304,130,,157,
S08000019,201304,85,,102,
S08000020,201304,,:,,:
S08000021,201304,327,,438,
S08000022,201304,53,,62,
S08000023,201304,213,,228,
S08000024,201304,323,,347,
S08000025,201304,10,,10,
S08000026,201304,6,,7,
S08000027,201304,142,,159,
S08000028,201304,6,,6,
S92000003,201304,1492,d y,1780,d y
S08000015,201303,133,,182,
S08000016,201303,79,,86,
S08000017,201303,86,,96,
S08000018,201303,139,,153,
S08000019,201303,93,,124,
S08000020,201303,,:,,:
S08000021,201303,412,,520,
S08000022,201303,89,,99,
S08000023,201303,264,,282,
S08000024,201303,341,,369,
S08000025,201303,4,,5,
S08000026,201303,7,,7,
S08000027,201303,188,,207,
S08000028,201303,8,,8,
S92000003,201303,1843,d y,2138,d y
S08000015,201302,103,,150,
S08000016,201302,58,,62,
S08000017,201302,61,,69,
S08000018,201302,134,,156,
S08000019,201302,107,,119,
S08000020,201302,,:,,:
S08000021,201302,355,,466,
S08000022,201302,101,,119,
S08000023,201302,253,,275,
S08000024,201302,330,,367,
S08000025,201302,5,,6,
S08000026,201302,4,,5,
S08000027,201302,175,,191,
S08000028,201302,6,,7,
S92000003,201302,1692,d y,1992,d y
S08000015,201301,121,,158,
S08000016,201301,64,,66,
S08000017,201301,77,,83,
S08000018,201301,132,,152,
S08000019,201301,79,,90,
S08000020,201301,,:,,:
S08000021,201301,335,,433,
S08000022,201301,107,,134,
S08000023,201301,231,,240,
S08000024,201301,362,,401,
S08000025,201301,7,,7,
S08000026,201301,6,,7,
S08000027,201301,141,,148,
S08000028,201301,7,,7,
S92000003,201301,1669,d y,1926,d y
S08000015,201212,96,,131,
S08000016,201212,55,,55,
S08000017,201212,65,,80,
S08000018,201212,119,,143,
S08000019,201212,60,,67,
S08000020,201212,,:,,:
S08000021,201212,302,,398,
S08000022,201212,113,,131,
S08000023,201212,214,,223,
S08000024,201212,289,,313,
S08000025,201212,11,,11,
S08000026,201212,5,,6,
S08000027,201212,144,,162,
S08000028,201212,13,,13,
S92000003,201212,1486,d y,1733,d y
S08000015,201211,86,,141,
S08000016,201211,55,,57,
S08000017,201211,62,,79,
S08000018,201211,149,,165,
S08000019,201211,105,,117,
S08000020,201211,,:,,:
S08000021,201211,430,,533,
S08000022,201211,126,,146,
S08000023,201211,263,,272,
S08000024,201211,330,,358,
S08000025,201211,11,,11,
S08000026,201211,8,,9,
S08000027,201211,171,,191,
S08000028,201211,18,,18,
S92000003,201211,1814,d y,2097,d y
S08000015,201210,98,,134,
S08000016,201210,57,,61,
S08000017,201210,68,,73,
S08000018,201210,120,,133,
S08000019,201210,107,,119,
S08000020,201210,,:,,:
S08000021,201210,414,,537,
S08000022,201210,106,,127,
S08000023,201210,244,,254,
S08000024,201210,317,,348,
S08000025,201210,6,,7,
S08000026,201210,10,,12,
S08000027,201210,130,,143,
S08000028,201210,8,,8,
S92000003,201210,1685,d y,1956,d y
S08000015,201209,41,,71,
S08000016,201209,51,,53,
S08000017,201209,60,,73,
S08000018,201209,137,,147,
S08000019,201209,51,,65,
S08000020,201209,,:,,:
S08000021,201209,272,,333,
S08000022,201209,82,,111,
S08000023,201209,187,,210,
S08000024,201209,229,,258,
S08000025,201209,,:,,:
S08000026,201209,6,,6,
S08000027,201209,121,,127,
S08000028,201209,16,,16,
S92000003,201209,1253,d y,1470,d y
S08000015,201208,33,,71,
S08000016,201208,41,,43,
S08000017,201208,51,,64,
S08000018,201208,120,,139,
S08000019,201208,60,,69,
S08000020,201208,,:,,:
S08000021,201208,286,,368,
S08000022,201208,58,,67,
S08000023,201208,183,,199,
S08000024,201208,203,,219,
S08000025,201208,,:,,:
S08000026,201208,6,,6,
S08000027,201208,127,,127,
S08000028,201208,23,,23,
S92000003,201208,1191,d y,1395,d y
S08000015,201207,41,,66,
S08000016,201207,30,,32,
S08000017,201207,50,,60,
S08000018,201207,105,,113,
S08000019,201207,53,,68,
S08000020,201207,,:,,:
S08000021,201207,245,,301,
S08000022,201207,67,,67,
S08000023,201207,139,,159,
S08000024,201207,200,,214,
S08000025,201207,,:,,:
S08000026,201207,,:,,:
S08000027,201207,90,,90,
S08000028,201207,15,,15,
S92000003,201207,1035,d y,1185,d y
